"","Product","FLOW","1980","1981","1982","1983","1984","1985","1986","1987","1988","1989","1990","1991","1992","1993","1994","1995","1996","1997","1998","1999","2000","2001","2002","2003","2004","2005","2006","2007","2008","2009","2010"
"1","Total RD&D in Million USD (2010 prices and exch. rates)","GROUP 1: ENERGY EFFICIENCY",413.511,440.157,476.454,502.417,538.596,437.173,437.673,401.536,348.669,318.803,374.127,435.813,271.287,369.484,307.234,317.284,343.843,345.224,354.351,261.695,258.11,304.487,331.055,288.054,265.112,305.396,426.242,601.277,684.84,1087.308,743.89
"2","Total RD&D in Million USD (2010 prices and exch. rates)","11 Industry",96.565,131.696,123.167,195.95,164.963,145.378,143.984,140.373,116.996,98.187,134.976,178.015,113.289,154.671,122.404,125.279,142.085,155.444,156.345,110.529,101.716,110.372,104.545,88.562,78.815,83.044,104.257,154.953,136.377,192.453,144.565
"3","Total RD&D in Million USD (2010 prices and exch. rates)","111 Industrial techniques and processes",0,0,0,0,0,0,0,0,0,0,0,0,0,0,0,0,0,0,0,0,0,0,0,0,0,0,0,0,0,0,0
"4","Total RD&D in Million USD (2010 prices and exch. rates)","112 Industrial equipment and systems",0,0,0,0,0,0,0,0,0,0,0,0,0,0,0,0,0,0,0,0,0,0,0,0,0,0,0,0,0,0,0
"5","Total RD&D in Million USD (2010 prices and exch. rates)","113 Other industry",0,0,0,0,0,0,0,0,0,0,0,0,0,0,0,0,0,0,0,0,0,0,0,0,0,0,0,0,0,0,0
"6","Total RD&D in Million USD (2010 prices and exch. rates)","119 Unallocated industry",96.565,131.696,123.167,195.95,164.963,145.378,143.984,140.373,116.996,98.187,134.976,178.015,113.289,154.671,122.404,125.279,142.085,155.444,156.345,110.529,101.716,110.372,104.545,88.562,78.815,83.044,104.257,154.953,136.377,192.453,144.565
"7","Total RD&D in Million USD (2010 prices and exch. rates)","12 Res. and comm. buildings, appliances and equipment""",142.274,130.102,142.891,144.137,128.673,117.76,96.671,91.449,83.788,82.384,65.255,123.158,70.347,73.604,71.23,77.09,94.047,87.892,91.382,81.25,74.999,101.044,87.695,79.896,82.831,114.898,142.688,215.519,270.079,322.758,192.531
"8","Total RD&D in Million USD (2010 prices and exch. rates)","121 Building design and envelope",0,0,0,0,0,0,0,0,0,0,0,0,0,0,0,0,0,0,0,0,0,0,0,0,0,0,1.299,0.588,8.205,13.177,0
"9","Total RD&D in Million USD (2010 prices and exch. rates)","1211 Building envelope technologies",0,0,0,0,0,0,0,0,0,0,0,0,0,0,0,0,0,0,0,0,0,0,0,0,0,0,0,0,0,0,0
"10","Total RD&D in Million USD (2010 prices and exch. rates)","1212 Building design",0,0,0,0,0,0,0,0,0,0,0,0,0,0,0,0,0,0,0,0,0,0,0,0,0,0,0,0,0,0,0
"11","Total RD&D in Million USD (2010 prices and exch. rates)","1219 Unallocated building design and envelope",0,0,0,0,0,0,0,0,0,0,0,0,0,0,0,0,0,0,0,0,0,0,0,0,0,0,1.299,0.588,8.205,13.177,0
"12","Total RD&D in Million USD (2010 prices and exch. rates)","122 Building operation and efficient building equipment",0,0,0,0,0,0,0,0,0,0,0,0,0,0,0,0,0,0,0,0,0,0,0,0,0,2.348,1.768,2.07,7.286,5.13,2.649
"13","Total RD&D in Million USD (2010 prices and exch. rates)","1221 Building management systems and eff. ICT",0,0,0,0,0,0,0,0,0,0,0,0,0,0,0,0,0,0,0,0,0,0,0,0,0,0,0,0,0,0,2.649
"14","Total RD&D in Million USD (2010 prices and exch. rates)","1222 Lighting technologies and control systems",0,0,0,0,0,0,0,0,0,0,0,0,0,0,0,0,0,0,0,0,0,0,0,0,0,0,0,0,0,0,0
"15","Total RD&D in Million USD (2010 prices and exch. rates)","1223 Heating, cooling and ventilation technologies""",0,0,0,0,0,0,0,0,0,0,0,0,0,0,0,0,0,0,0,0,0,0,0,0,0,0,0,0,0,0,0
"16","Total RD&D in Million USD (2010 prices and exch. rates)","1224 Other building ops. and eff. building equipment",0,0,0,0,0,0,0,0,0,0,0,0,0,0,0,0,0,0,0,0,0,0,0,0,0,0,0,0,0,0,0
"17","Total RD&D in Million USD (2010 prices and exch. rates)","1229 Unallocated building operations and equipment",0,0,0,0,0,0,0,0,0,0,0,0,0,0,0,0,0,0,0,0,0,0,0,0,0,2.348,1.768,2.07,7.286,5.13,0
"18","Total RD&D in Million USD (2010 prices and exch. rates)","123 Appliances and other res/comm",0,0,0,0,0,0,0,0,0,0,0,0,0,0,0,0,0,0,0,0,0,0,0,0,0,0.066,0.025,0.04,0.287,1.342,0
"19","Total RD&D in Million USD (2010 prices and exch. rates)","1231 Appliances",0,0,0,0,0,0,0,0,0,0,0,0,0,0,0,0,0,0,0,0,0,0,0,0,0,0.066,0.025,0.04,0.287,1.342,0
"20","Total RD&D in Million USD (2010 prices and exch. rates)","1232 Batteries for portable devices",0,0,0,0,0,0,0,0,0,0,0,0,0,0,0,0,0,0,0,0,0,0,0,0,0,0,0,0,0,0,0
"21","Total RD&D in Million USD (2010 prices and exch. rates)","1233 Other residential/commercial",0,0,0,0,0,0,0,0,0,0,0,0,0,0,0,0,0,0,0,0,0,0,0,0,0,0,0,0,0,0,0
"22","Total RD&D in Million USD (2010 prices and exch. rates)","1239 Unallocated appliances and other res/comm",0,0,0,0,0,0,0,0,0,0,0,0,0,0,0,0,0,0,0,0,0,0,0,0,0,0,0,0,0,0,0
"23","Total RD&D in Million USD (2010 prices and exch. rates)","129 Unalloc. res/comm bldings, appliances and equipment",142.274,130.102,142.891,144.137,128.673,117.76,96.671,91.449,83.788,82.384,65.255,123.158,70.347,73.604,71.23,77.09,94.047,87.892,91.382,81.25,74.999,101.044,87.695,79.896,82.831,112.483,139.595,212.821,254.3,303.108,189.882
"24","Total RD&D in Million USD (2010 prices and exch. rates)","13 Transport",43.982,46.331,84.47,92.024,91.856,96.874,103.008,90.858,77.203,66.559,75.327,59.244,65.485,75.398,73.014,73.676,70.19,64.724,69.828,47.914,56.849,66.132,120.429,107.052,90.025,90.911,132.26,155.532,181.413,336.601,249.004
"25","Total RD&D in Million USD (2010 prices and exch. rates)","131 On-road vehicles",0,0,0,0,0,0,0,0,0,0,0,0,0,0,0,0,0,0,0,0,0,0,0,0,0,0,0,0,0,0.282,7.947
"26","Total RD&D in Million USD (2010 prices and exch. rates)","1311 Vehicle batteries/storage technologies",0,0,0,0,0,0,0,0,0,0,0,0,0,0,0,0,0,0,0,0,0,0,0,0,0,0,0,0,0,0,2.649
"27","Total RD&D in Million USD (2010 prices and exch. rates)","1312 Advd power elecs, motors, EV/HEV/FCV sys",0,0,0,0,0,0,0,0,0,0,0,0,0,0,0,0,0,0,0,0,0,0,0,0,0,0,0,0,0,0,0
"28","Total RD&D in Million USD (2010 prices and exch. rates)","1313 Advanced combustion engines",0,0,0,0,0,0,0,0,0,0,0,0,0,0,0,0,0,0,0,0,0,0,0,0,0,0,0,0,0,0,0
"29","Total RD&D in Million USD (2010 prices and exch. rates)","1314 Electric vehicle infrastructure",0,0,0,0,0,0,0,0,0,0,0,0,0,0,0,0,0,0,0,0,0,0,0,0,0,0,0,0,0,0,2.649
"30","Total RD&D in Million USD (2010 prices and exch. rates)","1315 Fuel for on-road vehicles (excl. hydrogen)",0,0,0,0,0,0,0,0,0,0,0,0,0,0,0,0,0,0,0,0,0,0,0,0,0,0,0,0,0,0,0
"31","Total RD&D in Million USD (2010 prices and exch. rates)","1316 Materials for on-road vehicles",0,0,0,0,0,0,0,0,0,0,0,0,0,0,0,0,0,0,0,0,0,0,0,0,0,0,0,0,0,0,0
"32","Total RD&D in Million USD (2010 prices and exch. rates)","1317 Other on-road transport",0,0,0,0,0,0,0,0,0,0,0,0,0,0,0,0,0,0,0,0,0,0,0,0,0,0,0,0,0,0,0
"33","Total RD&D in Million USD (2010 prices and exch. rates)","1319 Unallocated on-road vehicles",0,0,0,0,0,0,0,0,0,0,0,0,0,0,0,0,0,0,0,0,0,0,0,0,0,0,0,0,0,0.282,2.649
"34","Total RD&D in Million USD (2010 prices and exch. rates)","132 Off-road transport and transport systems",0,0,0,0,0,0,0,0,0,0,0,0,0,0,0,0,0,0,0,0,0,0,0,0,0,0,0,0,0,0,0
"35","Total RD&D in Million USD (2010 prices and exch. rates)","133 Other transport",0,0,0,0,0,0,0,0,0,0,0,0,0,0,0,0,0,0,0,0,0,0,0,0,0,0,0,0,0,0,0
"36","Total RD&D in Million USD (2010 prices and exch. rates)","139 Unallocated transport",43.982,46.331,84.47,92.024,91.856,96.874,103.008,90.858,77.203,66.559,75.327,59.244,65.485,75.398,73.014,73.676,70.19,64.724,69.828,47.914,56.849,66.132,120.429,107.052,90.025,90.911,132.26,155.532,181.413,336.319,241.057
"37","Total RD&D in Million USD (2010 prices and exch. rates)","14 Other energy efficiency",130.687,132.032,125.92,70.305,153.125,77.159,94.002,78.856,70.683,71.67,98.57,75.395,22.162,65.688,40.592,41.248,37.495,37.164,36.8,21.997,23.675,26.022,15.936,12.544,13.447,13.497,38.444,64.46,58.825,206.242,120.982
"38","Total RD&D in Million USD (2010 prices and exch. rates)","141 Waste heat recovery and utilisation",0,0,0,0,0,0,0,0,0,0,0,0,0,0,0,0,0,0,0,0,0,0,0,0,0,0.327,2.293,0.686,2.632,4.658,0
"39","Total RD&D in Million USD (2010 prices and exch. rates)","142 Communities",0,0,0,0,0,0,0,0,0,0,0,0,0,0,0,0,0,0,0,0,0,0,0,0,0,0.011,0.825,0.078,0.23,6.973,5.559
"40","Total RD&D in Million USD (2010 prices and exch. rates)","143 Agriculture and forestry",0,0,0,0,0,0,0,0,0,0,0,0,0,0,0,0,0,0,0,0,0,0,0,0,0,0,0,0,0,0,0
"41","Total RD&D in Million USD (2010 prices and exch. rates)","144 Heat pumps and chillers",0,0,0,0,0,0,0,0,0,0,0,0,0,0,0,0,0,0,0,0,0,0,0,0,0,0,0,0,0,0,0
"42","Total RD&D in Million USD (2010 prices and exch. rates)","145 Other energy efficiency",0,0,0,0,0,0,0,0,0,0,0,0,0,0,0,0,0,0,0,0,0,0,0,0,0,0.346,0.09,0.127,0.268,74.89,67.967
"43","Total RD&D in Million USD (2010 prices and exch. rates)","149 Unallocated other energy efficiency",130.687,132.032,125.92,70.305,153.125,77.159,94.002,78.856,70.683,71.67,98.57,75.395,22.162,65.688,40.592,41.248,37.495,37.164,36.8,21.997,23.675,26.022,15.936,12.544,13.447,12.814,35.236,63.569,55.695,119.721,47.456
"44","Total RD&D in Million USD (2010 prices and exch. rates)","19 Unallocated energy efficiency",0.01,0.005,0.006,0.01,0,0,0.003,0,0.008,0.008,0,0.003,0.001,0.117,0.001,0,0.02,0,0,0.002,0.874,0.916,2.451,0,0,3.189,8.594,10.814,38.281,29.39,36.807
"45","Total RD&D in Million USD (2010 prices and exch. rates)","GROUP 2: FOSSIL FUELS",614.998,746.14,665.997,641.558,631.036,582.557,527.814,446.447,395.038,324.592,296.971,222.415,206.216,178.022,174.423,150.232,123.606,123.63,92.855,105.59,101.711,121.473,359.729,324.242,277.518,303.909,328.954,364.555,338.152,368.745,176.211
"46","Total RD&D in Million USD (2010 prices and exch. rates)","21 Oil and gas",139.901,141.091,125.886,184.275,134.485,161.456,183.492,152.827,154.814,119.189,102.81,72.59,89.319,84.597,87.245,84.91,75.607,82.897,74.389,72.891,75.561,76.044,298.581,273.847,213.497,214.113,195.726,188.843,182.124,169.787,30.773
"47","Total RD&D in Million USD (2010 prices and exch. rates)","211 Enhanced oil and gas production",30.492,13.904,14.668,53.266,37.674,30.805,70.88,59.899,49.375,22.837,25.987,12.421,21.341,37.484,25.332,30.441,28.335,33.115,29.411,28.89,26.672,15.683,201.363,198.208,150.947,135.497,128.711,114.591,109.735,102.33,8.708
"48","Total RD&D in Million USD (2010 prices and exch. rates)","212 Refining, transpt, storage of oil and gas",4.778,9.486,37.765,34.283,15.392,4.196,4.554,3.171,6.535,5.471,1.902,0.869,1.94,0.597,0.235,5.921,5.014,7.758,7.395,8.189,9.678,11.306,7.184,5.025,0.882,7.24,5.359,7.314,6.826,4.159,3.569
"49","Total RD&D in Million USD (2010 prices and exch. rates)","213 Non-conventional oil and gas production",2.578,0.586,2.575,0.814,0.799,0.277,0.11,0.026,0,0,0,0,0,0,3.62,0.019,0,0,0,0,0,0.623,0.584,0.551,0.879,0,0,0.413,0.269,0.417,0.004
"50","Total RD&D in Million USD (2010 prices and exch. rates)","214 Oil and gas combustion",0,0,0,0,0,0,0,0,0,0,0,0,0,0,0,0,0,0,0,0,0,0,0,0.499,0.49,5.189,19.602,19.305,22.954,10.82,9.218
"51","Total RD&D in Million USD (2010 prices and exch. rates)","215 Oil and gas conversion",0,0,0,0,0,0,0,0,0,0,0,0,0,0,0,0,0,0,0,0,0,0,0,0.572,0.564,0.552,0.727,0.527,0.648,0.519,0
"52","Total RD&D in Million USD (2010 prices and exch. rates)","216 Other oil and gas",102.048,117.12,70.878,95.917,80.614,126.172,107.95,89.731,98.905,90.882,74.867,59.3,66.029,46.52,58.057,48.532,42.254,42.027,37.583,35.81,39.211,48.432,89.451,68.99,59.735,65.633,41.326,43.802,38.79,40.57,0.398
"53","Total RD&D in Million USD (2010 prices and exch. rates)","219 Unallocated oil and gas",0,0,0,0,0.007,0.001,0,0,0,0,0.056,0,0.004,0.001,0,0.001,0,0.001,0,0.001,0,0,0,0,0,0,0,2.893,2.902,10.974,8.875
"54","Total RD&D in Million USD (2010 prices and exch. rates)","22 Coal",475.1,605.036,540.11,457.285,496.55,421.112,344.322,293.616,240.13,205.406,194.156,149.822,116.901,93.421,87.173,65.319,48.002,40.732,18.466,32.702,25.38,44.624,56.206,45.792,40.053,44.85,70.895,69.309,64.764,29.591,16.323
"55","Total RD&D in Million USD (2010 prices and exch. rates)","221 Coal production, preparation and transport",204.693,216.732,71.154,86.882,92.722,69.277,53.985,67.021,48.535,33.944,37.888,29.072,16.766,13.683,10.943,8.167,6.128,3.582,2.123,2.622,0.642,0.183,0.76,0.155,0,0.012,0.298,0.065,0.077,0.041,1.325
"56","Total RD&D in Million USD (2010 prices and exch. rates)","222 Coal combustion (incl. IGCC)",60.096,64.174,177.854,122.685,117.292,122.629,99.303,98.267,93.464,72.262,94.257,60.305,55.29,53.289,42.126,37.882,20.878,18.591,8.407,21.473,19.115,39.475,29.679,23.712,17.276,19.681,51.274,48.026,59.794,6.714,2.929
"57","Total RD&D in Million USD (2010 prices and exch. rates)","223 Coal conversion (excl. IGCC)",171.507,253.225,235.376,172.439,190.215,132.955,121.892,89.763,55.939,35.319,24.888,23.971,19.751,12.547,10.094,8.72,13.593,6.919,2.237,0.423,0.834,1.496,11.784,8.434,5.971,5.992,6.001,10.609,0.054,0.04,0.028
"58","Total RD&D in Million USD (2010 prices and exch. rates)","224 Other coal",38.777,70.878,55.755,75.264,96.304,96.246,69.138,38.566,42.169,63.884,37.132,36.483,25.088,13.906,24.015,10.554,7.406,11.641,5.702,8.18,4.789,3.467,13.981,13.491,16.807,19.166,13.321,10.607,4.836,5.294,0.034
"59","Total RD&D in Million USD (2010 prices and exch. rates)","229 Unallocated coal",0.026,0.027,0,0.026,0.016,0.004,0.001,0.007,0.03,0.003,0,0,0.003,0.001,0,0.004,0.001,0,0,0.001,0.001,0,0,0,0,0,0,0,0.001,17.503,12.008
"60","Total RD&D in Million USD (2010 prices and exch. rates)","23 CO2 capture and storage",0,0,0,0,0,0,0,0,0,0,0,0,0,0,0,0,0,0,0,0,0,0,4.086,4.607,23.966,44.035,44.766,92.894,68.853,169.294,132.372
"61","Total RD&D in Million USD (2010 prices and exch. rates)","231 CO2 capture/separation",0,0,0,0,0,0,0,0,0,0,0,0,0,0,0,0,0,0,0,0,0,0,0.56,1.077,7.916,15.374,27.612,72.411,42.612,95.539,14.367
"62","Total RD&D in Million USD (2010 prices and exch. rates)","232 CO2 transport",0,0,0,0,0,0,0,0,0,0,0,0,0,0,0,0,0,0,0,0,0,0,0,0,0.621,0.764,1.09,0.611,0.36,0.062,0.06
"63","Total RD&D in Million USD (2010 prices and exch. rates)","233 CO2 storage",0,0,0,0,0,0,0,0,0,0,0,0,0,0,0,0,0,0,0,0,0,0,3.525,3.53,6.359,16.304,16.061,19.867,25.392,44.696,20.417
"64","Total RD&D in Million USD (2010 prices and exch. rates)","239 Unallocated CO2 capture and storage",0,0,0,0,0,0,0,0,0,0,0,0,0,0,0,0,0,0,0,0,0,0,0,0,9.069,11.591,0.001,0.001,0.486,28.996,97.529
"65","Total RD&D in Million USD (2010 prices and exch. rates)","29 Unallocated fossil fuels",0.003,0.008,0,0,0.01,0,0,0.007,0.095,0,0.001,0.003,0.001,0,0.002,0,0,0,0.001,0.001,0.77,0.806,0.858,0,0,0.914,17.566,13.509,22.416,0.069,0.112
"66","Total RD&D in Million USD (2010 prices and exch. rates)","GROUP 3: RENEWABLE ENERGY SOURCES",544.562,647.936,596.062,472.43,649.011,503.517,388.653,364.901,401.12,377.396,421.859,419.62,380.61,415.961,343.254,341.502,350.466,345.451,361.716,304.085,345.166,393.949,435.305,429.724,399.089,528.537,614.017,746.891,792.006,1074.462,833.204
"67","Total RD&D in Million USD (2010 prices and exch. rates)","31 Solar energy",280.697,285.881,296.976,201.29,360.29,223.417,184.589,174.437,209.875,181.852,207.519,209.113,186.541,209.119,181.533,168.771,168.792,170.601,170.74,136.393,170.875,192.14,222.629,208.462,196.325,244.519,224.721,246.709,304.451,320.579,186.082
"68","Total RD&D in Million USD (2010 prices and exch. rates)","311 Solar heating and cooling",74.76,133.671,92.967,70.012,73.792,69.857,63.278,37.14,45.633,45.935,51.011,53.074,49.188,54.564,51.47,40.715,26.741,31.56,30.847,26.836,43.482,32.734,31.176,28.322,36.092,27.579,22.47,20.828,30.14,24.577,19.762
"69","Total RD&D in Million USD (2010 prices and exch. rates)","312 Photovoltaics",110.905,100.773,158.99,83.686,260.731,124.492,110.296,95.337,121.169,123.417,128.584,132.922,117.948,138.789,102.698,110.291,121.64,117.216,127.511,94.769,121.632,117.854,114.149,115.036,90.872,146.698,139.989,168.185,205.284,225.706,104.358
"70","Total RD&D in Million USD (2010 prices and exch. rates)","313 Solar thermal power and high-temp. applications",95.024,51.405,45.02,47.6,25.779,29.074,11.013,41.956,43.075,12.497,27.876,23.12,19.409,15.77,27.364,17.771,20.41,21.822,12.383,14.791,5.768,41.556,77.301,65.104,69.357,70.241,44.79,44.723,69.022,47.996,37.177
"71","Total RD&D in Million USD (2010 prices and exch. rates)","319 Unallocated solar energy",0.003,0.033,0,0.008,0,0.003,0.003,0,0,0.005,0.057,0.001,0.004,0.001,0.004,0.001,0.003,0.001,0.001,0.002,0.001,0,0.001,0,0.003,0.001,17.475,12.97,0.001,22.302,24.785
"72","Total RD&D in Million USD (2010 prices and exch. rates)","32 Wind energy",89.1,127.665,122.068,83.736,107.108,139.085,71.784,76.676,82.023,100.88,117.054,103.575,79.941,100.537,68.556,79.825,97.631,83,88.319,77.123,63.364,74.021,71.768,64.812,53.064,95.439,110.102,104.011,92.483,133.701,183.328
"73","Total RD&D in Million USD (2010 prices and exch. rates)","321 Onshore wind technologies",0,0,0,0,0,0,0,0,0,0,0,0,0,0,0,0,0,0,0,0,0,0,0,0,0,0,0,0.168,0.713,0.829,0
"74","Total RD&D in Million USD (2010 prices and exch. rates)","322 Offshore wind techs (excl. low wind speed)",0,0,0,0,0,0,0,0,0,0,0,0,0,0,0,0,0,0,0,0,0,0,0,0,0,0,0,0,0,0,0
"75","Total RD&D in Million USD (2010 prices and exch. rates)","323 Wind energy systems and other technologies",0,0,0,0,0,0,0,0,0,0,0,0,0,0,0,0,0,0,0,0,0,0,0,0,0,0.037,0.017,0.023,0.412,0.13,0
"76","Total RD&D in Million USD (2010 prices and exch. rates)","329 Unallocated wind energy",89.1,127.665,122.068,83.736,107.108,139.085,71.784,76.676,82.023,100.88,117.054,103.575,79.941,100.537,68.556,79.825,97.631,83,88.319,77.123,63.364,74.021,71.768,64.812,53.064,95.402,110.085,103.82,91.358,132.741,183.328
"77","Total RD&D in Million USD (2010 prices and exch. rates)","33 Ocean energy",30.085,21.448,14.037,6.808,4.219,2.709,3.296,7.832,6.807,6.542,8.996,9.468,1.801,3.182,1.75,1.196,1.373,0.987,2.642,2.803,4.673,5.665,5.464,5.07,10.721,7.215,14.085,13.167,13.82,34.523,63.014
"78","Total RD&D in Million USD (2010 prices and exch. rates)","331 Tidal energy",0,0,0,0,0,0,0,0,0,0,0,0,0,0,0,0,0,0,0,0,0,0,0,0,0,0,0,0,0,0.321,0
"79","Total RD&D in Million USD (2010 prices and exch. rates)","332 Wave energy",0,0,0,0,0,0,0,0,0,0,0,0,0,0,0,0,0,0,0,0,0,0,0,0,0,0,0,0,0.02,0,0
"80","Total RD&D in Million USD (2010 prices and exch. rates)","333 Salinity gradient power",0,0,0,0,0,0,0,0,0,0,0,0,0,0,0,0,0,0,0,0,0,0,0,0,0,0,0,0,0,0,0
"81","Total RD&D in Million USD (2010 prices and exch. rates)","334 Other ocean energy",0,0,0,0,0,0,0,0,0,0,0,0,0,0,0,0,0,0,0,0,0,0,0,0,0,0,0,0,0,0,0
"82","Total RD&D in Million USD (2010 prices and exch. rates)","339 Unallocated ocean energy",30.085,21.448,14.037,6.808,4.219,2.709,3.296,7.832,6.807,6.542,8.996,9.468,1.801,3.182,1.75,1.196,1.373,0.987,2.642,2.803,4.673,5.665,5.464,5.07,10.721,7.215,14.085,13.167,13.8,34.202,63.014
"83","Total RD&D in Million USD (2010 prices and exch. rates)","34 Biofuels (incl. liquids, solids and biogases)",77.722,114.738,96.962,115.292,109.059,87.053,87.629,68.015,73.398,61.058,60.016,70.827,88.96,88.382,81.618,82.241,74.431,79.849,89.205,76.948,95.286,96.482,93.899,106.352,113.517,139.683,221.947,339.959,280.185,421.437,262.431
"84","Total RD&D in Million USD (2010 prices and exch. rates)","341 Production of liquid biofuels",0,0,0,0,0,0,0,0,0,0,0,0,0,0,0,0,0,0,0,0,0,0,4.515,3.517,24.007,30.347,71.967,76.01,83.507,185.862,71.843
"85","Total RD&D in Million USD (2010 prices and exch. rates)","3411 Gasoline substitutes (incl. ethanol)",0,0,0,0,0,0,0,0,0,0,0,0,0,0,0,0,0,0,0,0,0,0,0,0,0,0,0,0,0,0,0
"86","Total RD&D in Million USD (2010 prices and exch. rates)","3412 Diesel, kerosene and jet fuel substitutes",0,0,0,0,0,0,0,0,0,0,0,0,0,0,0,0,0,0,0,0,0,0,0,0,0,0,0,0,0,0,0
"87","Total RD&D in Million USD (2010 prices and exch. rates)","3413 Algal biofuels",0,0,0,0,0,0,0,0,0,0,0,0,0,0,0,0,0,0,0,0,0,0,0,0,0,0,0,0,0,0,0
"88","Total RD&D in Million USD (2010 prices and exch. rates)","3414 Other liquid fuel substitutes",0,0,0,0,0,0,0,0,0,0,0,0,0,0,0,0,0,0,0,0,0,0,0,0,0,0,0,0,0,0,0
"89","Total RD&D in Million USD (2010 prices and exch. rates)","3419 Unallocated production of liquid biofuels",0,0,0,0,0,0,0,0,0,0,0,0,0,0,0,0,0,0,0,0,0,0,4.515,3.517,24.007,30.347,71.967,76.01,83.507,185.862,71.843
"90","Total RD&D in Million USD (2010 prices and exch. rates)","342 Production of solid biofuels",0,0,0,0,0,0,0,0,0,0,0,0,0,0,0,0,0,0,0,0,0,0,0.437,0.429,15.043,11.133,24.309,37.878,57.871,98.977,71.76
"91","Total RD&D in Million USD (2010 prices and exch. rates)","343 Production of biogases",0,0,0,0,0,0,0,0,0,0,0,0,0,0,0,0,0,0,0,0,0,0,0,0,0,2.767,3.249,5.898,7.991,8.128,0
"92","Total RD&D in Million USD (2010 prices and exch. rates)","3431 Thermochemical",0,0,0,0,0,0,0,0,0,0,0,0,0,0,0,0,0,0,0,0,0,0,0,0,0,1.368,0.666,0.02,1.041,3.792,0
"93","Total RD&D in Million USD (2010 prices and exch. rates)","3432 Biochemical (incl. anaerobic digestion)",0,0,0,0,0,0,0,0,0,0,0,0,0,0,0,0,0,0,0,0,0,0,0,0,0,1.399,2.583,5.878,6.95,4.335,0
"94","Total RD&D in Million USD (2010 prices and exch. rates)","3433 Other biogases",0,0,0,0,0,0,0,0,0,0,0,0,0,0,0,0,0,0,0,0,0,0,0,0,0,0,0,0,0,0,0
"95","Total RD&D in Million USD (2010 prices and exch. rates)","3439 Unallocated production of biogases",0,0,0,0,0,0,0,0,0,0,0,0,0,0,0,0,0,0,0,0,0,0,0,0,0,0,0,0,0,0,0
"96","Total RD&D in Million USD (2010 prices and exch. rates)","344 Applications for heat and electricity",0,0,0,0,0,0,0,0,0,0,0,0,0,0,0,0,0,0,0,0,0,0,0.489,13.372,43.775,36.075,66.113,129.381,73.195,72.076,79.613
"97","Total RD&D in Million USD (2010 prices and exch. rates)","345 Other biofuels",0,0,0,0,0,0,0,0,0,0,0,0,0,0,0,0,0,0,0,0,0,0,1.268,1.244,25.655,46.792,42.676,63.751,30.933,19.628,7.764
"98","Total RD&D in Million USD (2010 prices and exch. rates)","349 Unallocated biofuels",77.722,114.738,96.962,115.292,109.059,87.053,87.629,68.015,73.398,61.058,60.016,70.827,88.96,88.382,81.618,82.241,74.431,79.849,89.205,76.948,95.286,96.482,87.189,87.79,5.034,12.57,13.77,27.18,26.821,36.904,31.452
"99","Total RD&D in Million USD (2010 prices and exch. rates)","35 Geothermal energy",66.958,98.191,66.021,65.315,68.322,51.028,41.29,37.457,28.788,26.5,27.826,25.878,11.53,12.586,8.077,7.349,5.897,8.167,7.787,6.723,5.137,17.228,30.112,25.914,16.449,23.858,23.855,28.119,17.874,41.115,21.534
"100","Total RD&D in Million USD (2010 prices and exch. rates)","351 Hydrothermal resources",0,0,0,0,0,0,0,0,0,0,0,0,0,0,0,0,0,0,0,0,0,0,0,0,0,0,0,0,0,0.392,0
"101","Total RD&D in Million USD (2010 prices and exch. rates)","352 Hot dry rock resources",0,0,0,0,0,0,0,0,0,0,0,0,0,0,0,0,0,0,0,0,0,0,0,0,0,0,0,0,0,0,0
"102","Total RD&D in Million USD (2010 prices and exch. rates)","353 Advanced drilling and exploration",0,0,0,0,0,0,0,0,0,0,0,0,0,0,0,0,0,0,0,0,0,0,0,0,0,0,0,0,0,0,0
"103","Total RD&D in Million USD (2010 prices and exch. rates)","354 Other geothermal energy",0,0,0,0,0,0,0,0,0,0,0,0,0,0,0,0,0,0,0,0,0,0,0,0,0,0,0,0.004,0.944,0.099,0
"104","Total RD&D in Million USD (2010 prices and exch. rates)","359 Unallocated geothermal energy",66.958,98.191,66.021,65.315,68.322,51.028,41.29,37.457,28.788,26.5,27.826,25.878,11.53,12.586,8.077,7.349,5.897,8.167,7.787,6.723,5.137,17.228,30.112,25.914,16.449,23.858,23.855,28.115,16.93,40.624,21.534
"105","Total RD&D in Million USD (2010 prices and exch. rates)","36 Hydroelectricity",0,0,0,0,0,0.23,0.061,0.486,0.236,0.57,0.444,0.767,11.832,2.142,1.726,2.111,2.318,2.851,3.023,4.097,2.701,3.76,2.501,14.708,4.109,3.141,3.011,5.757,6.217,15.214,2.964
"106","Total RD&D in Million USD (2010 prices and exch. rates)","361 Large hydroelectricity (10MW plus)",0,0,0,0,0,0,0,0,0,0,0,0,0.089,1.071,0.99,0.894,0.967,1.62,1.852,0.192,0.196,0.136,0.155,0.15,0,0.63,0.23,0.705,1.53,1.244,0
"107","Total RD&D in Million USD (2010 prices and exch. rates)","362 Small hydroelectricity (less than 10MW)",0,0,0,0,0,0.23,0.061,0.486,0.236,0.57,0.444,0.767,11.743,1.071,0.736,1.138,1.349,1.231,1.171,3.75,2.505,3.626,2.346,14.559,4.109,2.511,2.766,5.053,4.687,13.97,2.964
"108","Total RD&D in Million USD (2010 prices and exch. rates)","369 Unallocated hydroelectricity",0,0,0,0,0,0,0,0,0,0,0,0,0,0,0,0.083,0.001,0,0,0.155,0,0,0,0,0,0,0.014,0,0,0,0
"109","Total RD&D in Million USD (2010 prices and exch. rates)","37 Other renewable energy sources",0,0,0,0,0,0,0,0,0,0,0,0,0,0,0,0,0,0,0,0,0,0,3.454,4.4,4.903,5.977,6.247,9.169,4.067,78.16,71.578
"110","Total RD&D in Million USD (2010 prices and exch. rates)","39 Unallocated renewable energy sources",0.003,0.026,0.003,0.003,0.012,0.007,0.01,0.003,0,0.001,0.005,0.002,0.004,0.011,0.002,0.005,0.019,0.004,0,0.001,3.127,4.653,5.474,0,0.003,8.835,10.049,0.14,73.049,29.724,42.271
"111","Total RD&D in Million USD (2010 prices and exch. rates)","GROUP 4: NUCLEAR",4851.415,5447.797,5640.699,4588.686,5133.907,5117.267,4153.937,3095.864,2778.615,2232.588,1978.726,1850.923,1397.927,1490.742,1373.808,1379.723,1331.422,1335.893,1394.728,1221.909,1370.735,1064.996,1222.278,1211.958,1116.526,1130.118,1150.799,1175.301,1101.616,1149.665,534.109
"112","Total RD&D in Million USD (2010 prices and exch. rates)","41 Nuclear fission",4484.582,4973.17,5155.125,4107.801,4587.26,4541.696,3573.543,2494.71,2156.669,1665.963,1423.066,1345.228,1035.805,1017.028,928.569,991.262,931.485,910.376,969.003,990.785,963.325,685.835,885.399,849.292,788.444,791.241,763.424,789.324,716.493,775.753,226.802
"113","Total RD&D in Million USD (2010 prices and exch. rates)","411 Light water reactors (LWRs)",559.987,852.694,365.009,436.011,414.167,350.809,320.837,233.695,200.419,206.991,140.817,136.883,134.911,191.013,181.171,204.913,280.614,253.972,278,235.884,206.222,92.937,104.45,83.903,54.705,45.246,45.785,84.357,45.378,28.616,9.336
"114","Total RD&D in Million USD (2010 prices and exch. rates)","412 Other converter reactors",532.123,500.906,757.856,567.599,561.171,412.283,176.321,206.552,90.629,63.213,33.88,19.293,6.959,9.438,15.219,6.93,6.822,6.639,8.068,8.092,2.184,0.567,48.237,55.538,54.17,53.36,47.597,46.455,60.526,59.716,5.298
"115","Total RD&D in Million USD (2010 prices and exch. rates)","4121 Heavy water reactors (HWRs)",0,0,0,0,0,0,0,0,0,0,0,0,0,0,0,0,0,0,0,0,0,0,0,0,0,0,0,0,0,0,0
"116","Total RD&D in Million USD (2010 prices and exch. rates)","4122 Other converter reactors",0,0,0,0,0,0,0,0,0,0,0,0,0,0,0,0,0,0,0,0,0,0,0,0,0,0,0,0,0,0,0
"117","Total RD&D in Million USD (2010 prices and exch. rates)","4129 Unallocated other converter reactors",532.123,500.906,757.856,567.599,561.171,412.283,176.321,206.552,90.629,63.213,33.88,19.293,6.959,9.438,15.219,6.93,6.822,6.639,8.068,8.092,2.184,0.567,48.237,55.538,54.17,53.36,47.597,46.455,60.526,59.716,5.298
"118","Total RD&D in Million USD (2010 prices and exch. rates)","413 Fuel cycle",1113.4,1163.766,1085.148,820.227,956.451,985.285,828.879,795.116,699.996,575.067,507.97,399.387,324.176,352.048,287.838,403.425,350.995,363.389,393.144,437.882,465.856,365.426,324.396,312.812,238.59,190.067,159.395,157.226,141.349,162.507,54.074
"119","Total RD&D in Million USD (2010 prices and exch. rates)","4131 Fissile material recycling/reprocessing",0,0,0,0,0,0,0,0,0,0,0,0,0,0,0,0,0,0,0,0,0,0,0,0,0,0,0,0,0,0,0
"120","Total RD&D in Million USD (2010 prices and exch. rates)","4132 Nuclear waste management",0,0,0,0,0,0,0,0,0,0,0,0,0,0,0,0,0,0,0,0,0,0,0,0,0,0,0,0,0,0,46.358
"121","Total RD&D in Million USD (2010 prices and exch. rates)","4133 Other fuel cycle",0,0,0,0,0,0,0,0,0,0,0,0,0,0,0,0,0,0,0,0,0,0,0,0,0,0,0,0,0,0,0
"122","Total RD&D in Million USD (2010 prices and exch. rates)","4139 Unallocated fuel cycle",1113.4,1163.766,1085.148,820.227,956.451,985.285,828.879,795.116,699.996,575.067,507.97,399.387,324.176,352.048,287.838,403.425,350.995,363.389,393.144,437.882,465.856,365.426,324.396,312.812,238.59,190.067,159.395,157.226,141.349,162.507,7.716
"123","Total RD&D in Million USD (2010 prices and exch. rates)","414 Nuclear supporting technologies",676.199,511.529,782.17,695.449,745.499,754.291,699.132,452.24,443.358,459.907,440.271,536.878,389.365,330.288,317.863,345.483,265.622,262.382,250.731,272.387,264.335,221.236,376.585,368.665,402.676,464.321,470.385,462.436,428.644,382.91,49.626
"124","Total RD&D in Million USD (2010 prices and exch. rates)","4141 Plant safety and integrity",0,0,0,0,0,0,0,0,0,0,0,0,0,0,0,0,0,0,0,0,0,0,0,0,0,0,0,0,0,0,0
"125","Total RD&D in Million USD (2010 prices and exch. rates)","4142 Environmental protection",0,0,0,0,0,0,0,0,0,0,0,0,0,0,0,0,0,0,0,0,0,0,0,0,0,0.015,0,0,0,0,0
"126","Total RD&D in Million USD (2010 prices and exch. rates)","4143 Decommissioning",0,0,0,0,0,0,0,0,0,0,0,0,0,0,0,0,0,0,0,0,0,0,0,0,0,0,0,0,0,0,6.623
"127","Total RD&D in Million USD (2010 prices and exch. rates)","4144 Other nuclear supporting technologies",0,0,0,0,0,0,0,0,0,0,0,0,0,0,0,0,0,0,0,0,0,0,0,0,0,0,0,0,0,0,0
"128","Total RD&D in Million USD (2010 prices and exch. rates)","4149 Unallocated nuclear supporting technologies",676.199,511.529,782.17,695.449,745.499,754.291,699.132,452.24,443.358,459.907,440.271,536.878,389.365,330.288,317.863,345.483,265.622,262.382,250.731,272.387,264.335,221.236,376.585,368.665,402.676,464.306,470.385,462.436,428.644,382.91,43.003
"129","Total RD&D in Million USD (2010 prices and exch. rates)","415 Nuclear breeder",1602.872,1944.274,2164.934,1588.525,1909.961,2039.012,1548.378,807.111,722.267,360.776,300.126,252.79,180.396,134.237,99.105,30.51,27.429,18.074,33.121,30.666,18.926,0,14.723,18.652,14.634,12.902,11.187,12.289,11.977,14.577,0
"130","Total RD&D in Million USD (2010 prices and exch. rates)","416 Other nuclear fission",0,0,0,0,0,0,0,0,0,0,0,0,0,0,0,0,0,0,0,0,0,0,10.868,9.723,19.5,21.094,24.242,21.313,16.406,64.072,51.123
"131","Total RD&D in Million USD (2010 prices and exch. rates)","419 Unallocated nuclear fission",0.006,0.003,0.008,0.003,0.003,0.02,0,0.001,0.004,0.003,0.004,0.003,0,0.002,27.376,0.004,0.001,5.918,5.942,5.871,5.802,5.673,6.141,0,4.168,4.253,4.971,5.387,12.343,63.354,57.346
"132","Total RD&D in Million USD (2010 prices and exch. rates)","42 Nuclear fusion",366.831,474.635,485.577,480.894,546.649,575.566,580.388,601.156,621.923,566.622,555.657,505.689,362.12,473.714,445.238,388.463,399.941,425.52,425.724,231.121,405.769,377.445,335.055,362.663,328.081,339.02,387.376,341.826,385.122,373.917,307.308
"133","Total RD&D in Million USD (2010 prices and exch. rates)","421 Magnetic confinement",0,0,0,0,0,0,0,0,0,0,0,0,0,0,0,0,0,0,0,0,0,0,0,0,0,0,0,0,0,0,66.225
"134","Total RD&D in Million USD (2010 prices and exch. rates)","422 Inertial confinement",0,0,0,0,0,0,0,0,0,0,0,0,0,0,0,0,0,0,0,0,0,0,0,0,0,0,0,0,0,0,0
"135","Total RD&D in Million USD (2010 prices and exch. rates)","423 Other nuclear fusion",0,0,0,0,0,0,0,0,0,0,0,0,0,0,0,0,0,0,0,0,0,0,0,0,0,0,0,0,0,190.485,173.551
"136","Total RD&D in Million USD (2010 prices and exch. rates)","429 Unallocated nuclear fusion",366.831,474.635,485.577,480.894,546.649,575.566,580.388,601.156,621.923,566.622,555.657,505.689,362.12,473.714,445.238,388.463,399.941,425.52,425.724,231.121,405.769,377.445,335.055,362.663,328.081,339.02,387.376,341.826,385.122,183.432,67.532
"137","Total RD&D in Million USD (2010 prices and exch. rates)","49 Unallocated nuclear",0,0,0,0.005,0.003,0.007,0.004,0,0.024,0.001,0.001,0.002,0.004,0.001,0.003,0.001,0,0.002,0.001,0.001,1.641,1.715,1.827,0.001,0.001,0,0,44.151,0,0,0
"138","Total RD&D in Million USD (2010 prices and exch. rates)","GROUP 5: HYDROGEN AND FUEL CELLS",0,0,0,0,0,0,0,0,0,0,0,0,0,0,0,0,0,0,0,0,0,0,32.077,38.755,92.143,140.642,201.12,233.971,214.085,189.533,96.062
"139","Total RD&D in Million USD (2010 prices and exch. rates)","51 Hydrogen",0,0,0,0,0,0,0,0,0,0,0,0,0,0,0,0,0,0,0,0,0,0,20.199,27.995,18.63,31.413,51.26,53.836,48.783,71.49,13.163
"140","Total RD&D in Million USD (2010 prices and exch. rates)","511 Hydrogen production",0,0,0,0,0,0,0,0,0,0,0,0,0,0,0,0,0,0,0,0,0,0,19.286,21.906,5.734,11.389,23.145,20.068,25.758,27.508,2.717
"141","Total RD&D in Million USD (2010 prices and exch. rates)","512 Hydrogen storage",0,0,0,0,0,0,0,0,0,0,0,0,0,0,0,0,0,0,0,0,0,0,0.914,4.877,6.087,11.036,10.468,11.062,12.302,10.072,0.012
"142","Total RD&D in Million USD (2010 prices and exch. rates)","513 Hydrogen transport and distribution",0,0,0,0,0,0,0,0,0,0,0,0,0,0,0,0,0,0,0,0,0,0,0,0,0,1.735,1.167,2.246,1.636,14.065,1.316
"143","Total RD&D in Million USD (2010 prices and exch. rates)","514 Other infrastructure and systems",0,0,0,0,0,0,0,0,0,0,0,0,0,0,0,0,0,0,0,0,0,0,0,0,0,2.004,1.214,5.284,5.318,6.583,0
"144","Total RD&D in Million USD (2010 prices and exch. rates)","515 Hydrogen end-uses",0,0,0,0,0,0,0,0,0,0,0,0,0,0,0,0,0,0,0,0,0,0,0,1.212,4.118,2.335,13.021,9.076,3.764,5.457,0.133
"145","Total RD&D in Million USD (2010 prices and exch. rates)","519 Unallocated hydrogen",0,0,0,0,0,0,0,0,0,0,0,0,0,0,0,0,0,0,0,0,0,0,0,0,2.693,2.915,2.245,6.236,0.001,7.807,8.984
"146","Total RD&D in Million USD (2010 prices and exch. rates)","52 Fuel cells",0,0,0,0,0,0,0,0,0,0,0,0,0,0,0,0,0,0,0,0,0,0,11.878,10.76,73.513,109.37,149.856,180.003,149.145,115.531,79.144
"147","Total RD&D in Million USD (2010 prices and exch. rates)","521 Stationary applications",0,0,0,0,0,0,0,0,0,0,0,0,0,0,0,0,0,0,0,0,0,0,9.939,8.879,57.161,66.626,91.686,107.906,78.839,37.253,35.087
"148","Total RD&D in Million USD (2010 prices and exch. rates)","522 Mobile applications",0,0,0,0,0,0,0,0,0,0,0,0,0,0,0,0,0,0,0,0,0,0,1.94,1.881,12.364,30.698,43.822,41.812,44.336,24.228,1.111
"149","Total RD&D in Million USD (2010 prices and exch. rates)","523 Other applications",0,0,0,0,0,0,0,0,0,0,0,0,0,0,0,0,0,0,0,0,0,0,0,0,1.839,8.015,4.274,18.091,10.13,8.84,8.771
"150","Total RD&D in Million USD (2010 prices and exch. rates)","529 Unallocated fuel cells",0,0,0,0,0,0,0,0,0,0,0,0,0,0,0,0,0,0,0,0,0,0,0,0,2.151,4.031,10.078,12.196,15.834,45.21,34.177
"151","Total RD&D in Million USD (2010 prices and exch. rates)","59 Unallocated hydrogen and fuel cells",0,0,0,0,0,0,0,0,0,0,0,0,0,0,0,0,0,0,0,0,0,0,0,0,0,0,0,0.138,16.162,2.512,3.753
"152","Total RD&D in Million USD (2010 prices and exch. rates)","GROUP 6: OTHER POWER AND STORAGE TECHNOLOGIES",230.432,174.604,33.603,138.712,140.502,111.602,108.434,158.913,193.537,196.107,100.842,138.592,82.477,124.741,159.235,110.995,116.009,141.196,133.014,91.823,229.731,260.323,248.192,236.173,187.188,154.485,226.473,200.56,224.386,215.801,136.261
"153","Total RD&D in Million USD (2010 prices and exch. rates)","61 Electric power conversion",126.147,54.177,11.342,40.262,23.846,23.023,43.645,94.601,164.082,169.302,72.456,115.635,61.118,98.746,124.632,82.57,85.47,104.105,94.642,73.446,123.1,137.199,126.823,120.735,74.53,59.2,49.118,87.062,85.909,37.347,8.262
"154","Total RD&D in Million USD (2010 prices and exch. rates)","611 Power generation technologies",0,0,0,0,0,0,0,0,0,0,0,0,0,0,0,0,0,0,0,0,0,0,0,0,0,0,0.707,0.434,0.873,0.107,0
"155","Total RD&D in Million USD (2010 prices and exch. rates)","612 Power generation supporting technologies",0,0,0,0,0,0,0,0,0,0,0,0,0,0,0,0,0,0,0,0,0,0,0,0,0,0,0.338,0.11,0,0,0
"156","Total RD&D in Million USD (2010 prices and exch. rates)","613 Other electricity power generation",0,0,0,0,0,0,0,0,0,0,0,0,0,0,0,0,0,0,0,0,0,0,0,0,0,0,0,0.245,0,0.008,0
"157","Total RD&D in Million USD (2010 prices and exch. rates)","619 Unallocated electric power generation",126.147,54.177,11.342,40.262,23.846,23.023,43.645,94.601,164.082,169.302,72.456,115.635,61.118,98.746,124.632,82.57,85.47,104.105,94.642,73.446,123.1,137.199,126.823,120.735,74.53,59.2,48.074,86.271,85.036,37.232,8.262
"158","Total RD&D in Million USD (2010 prices and exch. rates)","62 Electricity transmission and distribution",76.947,48.019,7.046,62.799,76.765,26.033,24.908,21.541,13.35,7.294,9.499,8.412,9.307,11.924,15.244,14.575,18.651,23.864,25.752,13.41,72.904,85.013,85.219,83.69,69.453,66.632,135.998,61.789,68.994,90.5,74.693
"159","Total RD&D in Million USD (2010 prices and exch. rates)","621 Transmission and distribution technologies",0,0,0,0,0,0,0,0,0,0,0,0,0,0,0,0,0,0,0,0,0,0,0,0,0,0,0,0,0,0,2.649
"160","Total RD&D in Million USD (2010 prices and exch. rates)","6211 Cables and conductors",0,0,0,0,0,0,0,0,0,0,0,0,0,0,0,0,0,0,0,0,0,0,0,0,0,0,0,0,0,0,2.649
"161","Total RD&D in Million USD (2010 prices and exch. rates)","6212 AC/DC conversion",0,0,0,0,0,0,0,0,0,0,0,0,0,0,0,0,0,0,0,0,0,0,0,0,0,0,0,0,0,0,0
"162","Total RD&D in Million USD (2010 prices and exch. rates)","6213 Other transmission and distribution techs.",0,0,0,0,0,0,0,0,0,0,0,0,0,0,0,0,0,0,0,0,0,0,0,0,0,0,0,0,0,0,0
"163","Total RD&D in Million USD (2010 prices and exch. rates)","6219 Unallocated transmission and distribution",0,0,0,0,0,0,0,0,0,0,0,0,0,0,0,0,0,0,0,0,0,0,0,0,0,0,0,0,0,0,0
"164","Total RD&D in Million USD (2010 prices and exch. rates)","622 Grid comm, control systems and integration",0,0,0,0,0,0,0,0,0,0,0,0,0,0,0,0,0,0,0,0,0,0,0,0,0,0,0,0,0,0,2.649
"165","Total RD&D in Million USD (2010 prices and exch. rates)","6221 Load management",0,0,0,0,0,0,0,0,0,0,0,0,0,0,0,0,0,0,0,0,0,0,0,0,0,0,0,0,0,0,0
"166","Total RD&D in Million USD (2010 prices and exch. rates)","6222 Control systems and monitoring",0,0,0,0,0,0,0,0,0,0,0,0,0,0,0,0,0,0,0,0,0,0,0,0,0,0,0,0,0,0,0
"167","Total RD&D in Million USD (2010 prices and exch. rates)","6223 Standards, interoper.+grid cyber security",0,0,0,0,0,0,0,0,0,0,0,0,0,0,0,0,0,0,0,0,0,0,0,0,0,0,0,0,0,0,0
"168","Total RD&D in Million USD (2010 prices and exch. rates)","6229 Unallocated grid comm,, control and integration",0,0,0,0,0,0,0,0,0,0,0,0,0,0,0,0,0,0,0,0,0,0,0,0,0,0,0,0,0,0,2.649
"169","Total RD&D in Million USD (2010 prices and exch. rates)","629 Unallocated electricity transmission/distribution",76.947,48.019,7.046,62.799,76.765,26.033,24.908,21.541,13.35,7.294,9.499,8.412,9.307,11.924,15.244,14.575,18.651,23.864,25.752,13.41,72.904,85.013,85.219,83.69,69.453,66.632,135.998,61.789,68.994,90.5,69.395
"170","Total RD&D in Million USD (2010 prices and exch. rates)","63 Energy storage",27.34,72.435,15.218,35.647,39.893,62.524,39.859,42.775,16.104,19.509,18.889,14.545,12.053,14.069,19.357,13.844,11.887,13.223,12.616,4.974,29.933,34.138,31.918,31.75,43.207,25.304,27.04,41.618,53.934,72.487,40.148
"171","Total RD&D in Million USD (2010 prices and exch. rates)","631 Electrical storage",0,0,0,0,0,0,0,0,0,0,0,0,0,0,0,0,0,0,0,0,0,0,0,0,0,0,0,0,0.162,3.751,6.623
"172","Total RD&D in Million USD (2010 prices and exch. rates)","6311 Batteries/other electrochemical storage",0,0,0,0,0,0,0,0,0,0,0,0,0,0,0,0,0,0,0,0,0,0,0,0,0,0,0,0,0,3.197,3.974
"173","Total RD&D in Million USD (2010 prices and exch. rates)","6312 Electromagnetic storage",0,0,0,0,0,0,0,0,0,0,0,0,0,0,0,0,0,0,0,0,0,0,0,0,0,0,0,0,0,0,2.649
"174","Total RD&D in Million USD (2010 prices and exch. rates)","6313 Mechanical storage",0,0,0,0,0,0,0,0,0,0,0,0,0,0,0,0,0,0,0,0,0,0,0,0,0,0,0,0,0.136,0,0
"175","Total RD&D in Million USD (2010 prices and exch. rates)","6314 Other storage (excl. fuel cells)",0,0,0,0,0,0,0,0,0,0,0,0,0,0,0,0,0,0,0,0,0,0,0,0,0,0,0,0,0.025,0,0
"176","Total RD&D in Million USD (2010 prices and exch. rates)","6319 Unallocated electrical storage",0,0,0,0,0,0,0,0,0,0,0,0,0,0,0,0,0,0,0,0,0,0,0,0,0,0,0,0,0,0.554,0
"177","Total RD&D in Million USD (2010 prices and exch. rates)","632 Thermal energy storage",0,0,0,0,0,0,0,0,0,0,0,0,0,0,0,0,0,0,0,0,0,0,0,0,0,0,0.16,0.159,0.177,0.24,0
"178","Total RD&D in Million USD (2010 prices and exch. rates)","639 Unallocated energy storage",27.34,72.435,15.218,35.647,39.893,62.524,39.859,42.775,16.104,19.509,18.889,14.545,12.053,14.069,19.357,13.844,11.887,13.223,12.616,4.974,29.933,34.138,31.918,31.75,43.207,25.304,26.88,41.459,53.595,68.496,33.525
"179","Total RD&D in Million USD (2010 prices and exch. rates)","69 Unallocated other power and storage techs.",0.003,0,0,0,0.003,0.02,0.017,0,0,0.001,0,0,0,0.002,0.003,0.004,0,0.001,0,0,3.793,3.975,4.229,0,0,3.352,14.319,10.233,15.551,15.473,18.158
"180","Total RD&D in Million USD (2010 prices and exch. rates)","GROUP 7: OTHER CROSS-CUTTING TECHS/RESEARCH",198.215,333.888,212.792,305.435,286.435,255.031,205.313,457.496,605.183,606.972,569.047,583.314,114.171,225.561,216.903,227.76,185.206,196.869,173.93,122.439,183.893,169.64,140.43,289.758,269.984,267.633,261.717,250.423,266.984,208.538,147.38
"181","Total RD&D in Million USD (2010 prices and exch. rates)","71 Energy system analysis",22.814,28.277,17.258,26.766,39.656,34.367,30.825,285.788,192.851,197.737,44.476,42.688,62.23,28.815,26.449,39.909,36.577,52.059,46.273,27.235,25.133,38.528,22.7,39.104,41.653,43.948,47.996,46.553,47.38,63.878,31.713
"182","Total RD&D in Million USD (2010 prices and exch. rates)","72 Basic energy research not allocated",0,0,0,0,0,0,0,0,0,0,0,0,0,0,0,0,0,0,0,0,0,0,0,0,0,0,0,0,0,0,0
"183","Total RD&D in Million USD (2010 prices and exch. rates)","73 Other",175.402,305.613,195.535,278.671,246.779,220.664,174.489,171.709,412.332,409.233,524.572,540.627,51.939,196.742,190.456,187.849,148.633,144.809,127.66,95.203,158.759,131.112,117.728,250.653,228.334,223.688,213.721,203.866,219.602,144.662,115.668
"184","Total RD&D in Million USD (2010 prices and exch. rates)","TOTAL BUDGET",5741.218,6662.555,6505.3,5530.44,6233.751,7007.142,5821.804,4925.156,4722.152,4056.467,3741.58,3633.696,2435.07,2775.134,2574.765,2527.427,2450.408,2486.759,2510.3,2106.605,2488.703,2314.866,2769.065,2818.662,2607.558,2830.863,3209.172,3593.919,3644.464,4315.652,2456.913
