"","COUNTRY","PRODUCT","FLOW","1980","1981","1982","1983","1984","1985","1986","1987","1988","1989","1990","1991","1992","1993","1994","1995","1996","1997","1998","1999","2000","2001","2002","2003","2004","2005","2006","2007","2008","2009","2010"
"1","United States","Total RD&D in Million USD (2010 prices and exch. rates)","GROUP 1: ENERGY EFFICIENCY",678.559,476.519,290.138,405.9,303.777,391.224,316.613,283.754,237.592,252.492,277.731,320.852,412.267,435.297,592.799,687.564,550.33,507.355,545.473,612.598,673.24,710.617,694.811,460.936,434.941,538.376,450.333,570.944,675.417,2145.318,1392
"2","United States","Total RD&D in Million USD (2010 prices and exch. rates)","11 Industry",138.954,87.372,53.352,82.448,60.904,53.733,71.453,62.354,54.028,46.972,109.289,122.836,153.967,158.123,171.635,183.63,152.354,151.034,173.365,207.594,171.692,181.594,173.234,113.905,103.438,74.517,52.778,46.294,59.011,1130.231,95
"3","United States","Total RD&D in Million USD (2010 prices and exch. rates)","111 Industrial techniques and processes",0,0,0,0,0,0,0,0,0,0,0,0,0,0,0,0,0,0,0,0,0,0,0,0,0,0,0,0,0,824.19,14
"4","United States","Total RD&D in Million USD (2010 prices and exch. rates)","112 Industrial equipment and systems",0,0,0,0,0,0,0,0,0,0,0,0,0,0,0,0,0,0,0,0,0,0,0,0,0,0,0,0,0,0,0
"5","United States","Total RD&D in Million USD (2010 prices and exch. rates)","113 Other industry",0,0,0,0,0,0,0,0,0,0,0,0,0,0,0,0,0,0,0,0,0,0,0,0,0,0,0,0,0,304.021,77
"6","United States","Total RD&D in Million USD (2010 prices and exch. rates)","119 Unallocated industry",138.954,87.372,53.352,82.448,60.904,53.733,71.453,62.354,54.028,46.972,109.289,122.836,153.967,158.123,171.635,183.63,152.354,151.034,173.365,207.594,171.692,181.594,173.234,113.905,103.438,74.517,52.778,46.294,59.011,2.02,4
"7","United States","Total RD&D in Million USD (2010 prices and exch. rates)","12 Res. and comm. buildings, appliances and equipment""",238.538,136.148,89.319,103.781,102.925,123.998,87.821,77.388,54.359,54.362,42.271,59.198,83.64,74.036,166.782,211.885,165.801,130.66,126.107,151.637,153.816,159.114,150.508,68.616,66.099,34.959,50.365,61.706,76.012,257.559,132
"8","United States","Total RD&D in Million USD (2010 prices and exch. rates)","121 Building design and envelope",0,0,0,0,0,0,0,0,0,0,0,0,0,0,0,0,0,0,0,0,0,0,0,0,0,0,0,0,0,115.144,95
"9","United States","Total RD&D in Million USD (2010 prices and exch. rates)","1211 Building envelope technologies",0,0,0,0,0,0,0,0,0,0,0,0,0,0,0,0,0,0,0,0,0,0,0,0,0,0,0,0,0,38.381,14
"10","United States","Total RD&D in Million USD (2010 prices and exch. rates)","1212 Building design",0,0,0,0,0,0,0,0,0,0,0,0,0,0,0,0,0,0,0,0,0,0,0,0,0,0,0,0,0,76.763,81
"11","United States","Total RD&D in Million USD (2010 prices and exch. rates)","1219 Unallocated building design and envelope",0,0,0,0,0,0,0,0,0,0,0,0,0,0,0,0,0,0,0,0,0,0,0,0,0,0,0,0,0,0,0
"12","United States","Total RD&D in Million USD (2010 prices and exch. rates)","122 Building operation and efficient building equipment",0,0,0,0,0,0,0,0,0,0,0,0,0,0,0,0,0,0,0,0,0,0,0,0,0,0,0,0,0,101.004,37
"13","United States","Total RD&D in Million USD (2010 prices and exch. rates)","1221 Building management systems and eff. ICT",0,0,0,0,0,0,0,0,0,0,0,0,0,0,0,0,0,0,0,0,0,0,0,0,0,0,0,0,0,0,0
"14","United States","Total RD&D in Million USD (2010 prices and exch. rates)","1222 Lighting technologies and control systems",0,0,0,0,0,0,0,0,0,0,0,0,0,0,0,0,0,0,0,0,0,0,0,0,0,0,0,0,0,64.642,23
"15","United States","Total RD&D in Million USD (2010 prices and exch. rates)","1223 Heating, cooling and ventilation technologies""",0,0,0,0,0,0,0,0,0,0,0,0,0,0,0,0,0,0,0,0,0,0,0,0,0,0,0,0,0,36.361,14
"16","United States","Total RD&D in Million USD (2010 prices and exch. rates)","1224 Other building ops. and eff. building equipment",0,0,0,0,0,0,0,0,0,0,0,0,0,0,0,0,0,0,0,0,0,0,0,0,0,0,0,0,0,0,0
"17","United States","Total RD&D in Million USD (2010 prices and exch. rates)","1229 Unallocated building operations and equipment",0,0,0,0,0,0,0,0,0,0,0,0,0,0,0,0,0,0,0,0,0,0,0,0,0,0,0,0,0,0,1
"18","United States","Total RD&D in Million USD (2010 prices and exch. rates)","123 Appliances and other res/comm",0,0,0,0,0,0,0,0,0,0,0,0,0,0,0,0,0,0,0,0,0,0,0,0,0,0,0,0,0,0,0
"19","United States","Total RD&D in Million USD (2010 prices and exch. rates)","1231 Appliances",0,0,0,0,0,0,0,0,0,0,0,0,0,0,0,0,0,0,0,0,0,0,0,0,0,0,0,0,0,0,0
"20","United States","Total RD&D in Million USD (2010 prices and exch. rates)","1232 Batteries for portable devices",0,0,0,0,0,0,0,0,0,0,0,0,0,0,0,0,0,0,0,0,0,0,0,0,0,0,0,0,0,0,0
"21","United States","Total RD&D in Million USD (2010 prices and exch. rates)","1233 Other residential/commercial",0,0,0,0,0,0,0,0,0,0,0,0,0,0,0,0,0,0,0,0,0,0,0,0,0,0,0,0,0,0,0
"22","United States","Total RD&D in Million USD (2010 prices and exch. rates)","1239 Unallocated appliances and other res/comm",0,0,0,0,0,0,0,0,0,0,0,0,0,0,0,0,0,0,0,0,0,0,0,0,0,0,0,0,0,0,0
"23","United States","Total RD&D in Million USD (2010 prices and exch. rates)","129 Unalloc. res/comm bldings, appliances and equipment",238.538,136.148,89.319,103.781,102.925,123.998,87.821,77.388,54.359,54.362,42.271,59.198,83.64,74.036,166.782,211.885,165.801,130.66,126.107,151.637,153.816,159.114,150.508,68.616,66.099,34.959,50.365,61.706,76.012,41.411,0
"24","United States","Total RD&D in Million USD (2010 prices and exch. rates)","13 Transport",261.697,196.8,114.896,195.647,116.809,171.262,112.636,95.496,82.942,82.906,103.156,121.06,167.425,196.202,245.063,280.155,232.174,225.662,246,253.367,285.816,312.059,295.843,204.896,197.15,423.486,332.253,428.742,505.245,752.477,866
"25","United States","Total RD&D in Million USD (2010 prices and exch. rates)","131 On-road vehicles",0,0,0,0,0,0,0,0,0,0,0,0,0,0,0,0,0,0,0,0,0,0,0,0,0,0,0,0,0,659.554,227
"26","United States","Total RD&D in Million USD (2010 prices and exch. rates)","1311 Vehicle batteries/storage technologies",0,0,0,0,0,0,0,0,0,0,0,0,0,0,0,0,0,0,0,0,0,0,0,0,0,0,0,0,0,68.682,76
"27","United States","Total RD&D in Million USD (2010 prices and exch. rates)","1312 Advd power elecs, motors, EV/HEV/FCV sys",0,0,0,0,0,0,0,0,0,0,0,0,0,0,0,0,0,0,0,0,0,0,0,0,0,0,0,0,0,18.181,22
"28","United States","Total RD&D in Million USD (2010 prices and exch. rates)","1313 Advanced combustion engines",0,0,0,0,0,0,0,0,0,0,0,0,0,0,0,0,0,0,0,0,0,0,0,0,0,0,0,0,0,41.411,56
"29","United States","Total RD&D in Million USD (2010 prices and exch. rates)","1314 Electric vehicle infrastructure",0,0,0,0,0,0,0,0,0,0,0,0,0,0,0,0,0,0,0,0,0,0,0,0,0,0,0,0,0,361.593,0
"30","United States","Total RD&D in Million USD (2010 prices and exch. rates)","1315 Fuel for on-road vehicles (excl. hydrogen)",0,0,0,0,0,0,0,0,0,0,0,0,0,0,0,0,0,0,0,0,0,0,0,0,0,0,0,0,0,20.201,23
"31","United States","Total RD&D in Million USD (2010 prices and exch. rates)","1316 Materials for on-road vehicles",0,0,0,0,0,0,0,0,0,0,0,0,0,0,0,0,0,0,0,0,0,0,0,0,0,0,0,0,0,39.391,49
"32","United States","Total RD&D in Million USD (2010 prices and exch. rates)","1317 Other on-road transport",0,0,0,0,0,0,0,0,0,0,0,0,0,0,0,0,0,0,0,0,0,0,0,0,0,0,0,0,0,110.094,0
"33","United States","Total RD&D in Million USD (2010 prices and exch. rates)","1319 Unallocated on-road vehicles",0,0,0,0,0,0,0,0,0,0,0,0,0,0,0,0,0,0,0,0,0,0,0,0,0,0,0,0,0,0,1
"34","United States","Total RD&D in Million USD (2010 prices and exch. rates)","132 Off-road transport and transport systems",0,0,0,0,0,0,0,0,0,0,0,0,0,0,0,0,0,0,0,0,0,0,0,0,0,0,0,0,0,0,0
"35","United States","Total RD&D in Million USD (2010 prices and exch. rates)","133 Other transport",0,0,0,0,0,0,0,0,0,0,0,0,0,0,0,0,0,0,0,0,0,0,0,0,0,0,0,0,0,21.211,44
"36","United States","Total RD&D in Million USD (2010 prices and exch. rates)","139 Unallocated transport",261.697,196.8,114.896,195.647,116.809,171.262,112.636,95.496,82.942,82.906,103.156,121.06,167.425,196.202,245.063,280.155,232.174,225.662,246,253.367,285.816,312.059,295.843,204.896,197.15,423.486,332.253,428.742,505.245,71.713,595
"37","United States","Total RD&D in Million USD (2010 prices and exch. rates)","14 Other energy efficiency",39.37,56.198,32.571,24.023,23.14,42.231,44.702,48.517,46.263,68.252,23.014,17.759,7.38,6.936,9.32,11.893,0,0,0,0,61.916,57.85,75.227,73.518,68.254,5.414,14.936,34.202,35.149,5.05,299
"38","United States","Total RD&D in Million USD (2010 prices and exch. rates)","141 Waste heat recovery and utilisation",0,0,0,0,0,0,0,0,0,0,0,0,0,0,0,0,0,0,0,0,0,0,0,0,0,0,0,0,0,0,0
"39","United States","Total RD&D in Million USD (2010 prices and exch. rates)","142 Communities",0,0,0,0,0,0,0,0,0,0,0,0,0,0,0,0,0,0,0,0,0,0,0,0,0,0,0,0,0,0,0
"40","United States","Total RD&D in Million USD (2010 prices and exch. rates)","143 Agriculture and forestry",0,0,0,0,0,0,0,0,0,0,0,0,0,0,0,0,0,0,0,0,0,0,0,0,0,0,0,0,0,0,0
"41","United States","Total RD&D in Million USD (2010 prices and exch. rates)","144 Heat pumps and chillers",0,0,0,0,0,0,0,0,0,0,0,0,0,0,0,0,0,0,0,0,0,0,0,0,0,0,0,0,0,0,0
"42","United States","Total RD&D in Million USD (2010 prices and exch. rates)","145 Other energy efficiency",0,0,0,0,0,0,0,0,0,0,0,0,0,0,0,0,0,0,0,0,0,0,0,0,0,0,0,0,0,0,0
"43","United States","Total RD&D in Million USD (2010 prices and exch. rates)","149 Unallocated other energy efficiency",39.37,56.198,32.571,24.023,23.14,42.231,44.702,48.517,46.263,68.252,23.014,17.759,7.38,6.936,9.32,11.893,0,0,0,0,61.916,57.85,75.227,73.518,68.254,5.414,14.936,34.202,35.149,5.05,299
"44","United States","Total RD&D in Million USD (2010 prices and exch. rates)","19 Unallocated energy efficiency",0,0,0,0,0,0,0,0,0,0,0,0,0,0,0,0,0,0,0,0,0,0,0,0,0,0,0,0,0,0,0
"45","United States","Total RD&D in Million USD (2010 prices and exch. rates)","GROUP 2: FOSSIL FUELS",1963.883,1717.334,765.508,532.744,524.622,540.561,538.365,446.558,708.976,717.033,1321.408,1133.047,571.009,559.446,672.633,410.162,458.104,215.499,229.816,254.599,259.197,431.065,510.136,489.27,492.968,445.255,442.679,470.906,576.546,3390.693,460
"46","United States","Total RD&D in Million USD (2010 prices and exch. rates)","21 Oil and gas",264.013,184.5,96.113,72.07,77.564,78.173,95.741,81.658,77.49,79.162,91.167,117.804,125.171,224.373,135.928,150.439,103.264,89.251,94.645,93.218,108.147,136.729,123.205,102.163,86.848,106.637,44.169,18.427,31.01,71.713,82
"47","United States","Total RD&D in Million USD (2010 prices and exch. rates)","211 Enhanced oil and gas production",125.059,90.978,49.755,38.822,45.539,39.176,52.094,55.692,56.176,55.7,73.258,77.105,6.512,199.741,112.799,123.206,77.094,63.244,64.219,64.4,73.406,82.677,90.567,74.491,63.357,0,0,0,0,0,9
"48","United States","Total RD&D in Million USD (2010 prices and exch. rates)","212 Refining, transpt, storage of oil and gas",13.895,0,0,0,0,0,0,0,0,0,0,0,0,0,13.719,16.65,15.104,15.647,18.256,12.651,17.666,25.476,17.057,13.379,9.944,0,0,0,0,0,0
"49","United States","Total RD&D in Million USD (2010 prices and exch. rates)","213 Non-conventional oil and gas production",67.161,79.95,38.365,33.248,29.804,26.237,32.207,18.621,15.696,16.772,13.815,25.751,0,0,0,0,0,0,0,0,0,0,0,0,0,0,0,0,0,70.703,73
"50","United States","Total RD&D in Million USD (2010 prices and exch. rates)","214 Oil and gas combustion",0,0,0,0,0,0,0,0,0,0,0,0,0,0,0,0,0,0,0,0,0,0,0,0,0,0,0,0,0,0,0
"51","United States","Total RD&D in Million USD (2010 prices and exch. rates)","215 Oil and gas conversion",0,0,0,0,0,0,0,0,0,0,0,0,0,0,0,0,0,0,0,0,0,0,0,0,0,0,0,0,0,0,0
"52","United States","Total RD&D in Million USD (2010 prices and exch. rates)","216 Other oil and gas",57.897,13.572,7.993,0,2.221,12.759,11.44,7.346,5.618,6.69,4.094,14.947,118.659,24.631,9.41,10.584,11.066,10.359,12.171,16.166,17.076,28.577,15.581,14.292,13.547,0,0,0,0,0,0
"53","United States","Total RD&D in Million USD (2010 prices and exch. rates)","219 Unallocated oil and gas",0,0,0,0,0,0,0,0,0,0,0,0,0,0,0,0,0,0,0,0,0,0,0,0,0,106.637,44.169,18.427,31.01,1.01,0
"54","United States","Total RD&D in Million USD (2010 prices and exch. rates)","22 Coal",1699.87,1532.834,669.395,460.673,447.058,462.388,442.624,364.9,631.486,637.871,1230.242,1015.243,445.839,335.073,536.705,259.723,354.839,126.248,135.171,161.381,151.049,294.336,386.931,387.108,361.091,269.119,252.631,325.507,349.271,2865.474,148
"55","United States","Total RD&D in Million USD (2010 prices and exch. rates)","221 Coal production, preparation and transport",136.638,71.891,21.98,73.8,118.66,75.118,65.118,76.192,80.134,89.723,99.937,93.829,12.155,0,15.477,9.74,6.141,6.575,6.474,6.384,5.288,5.243,5.885,6.833,0,0,0,0,0,0,0
"56","United States","Total RD&D in Million USD (2010 prices and exch. rates)","222 Coal combustion (incl. IGCC)",298.751,337.19,160.655,113.967,124.214,148.079,135.339,106.429,129.701,120.241,142.009,153.026,0.579,0,434.605,164.378,295.508,87.114,88.042,105.437,94.175,211.856,264.398,263.488,320.783,0,0,0,349.271,2818.002,112
"57","United States","Total RD&D in Million USD (2010 prices and exch. rates)","223 Coal conversion (excl. IGCC)",838.356,890.478,324.107,158.363,131.988,129.39,136.923,88.663,89.056,88.018,91.611,87.465,0.579,0,27.863,30.398,14.937,6.079,12.688,12.696,8.656,9.235,30.051,25.213,0,0,0,0,0,5.05,7
"58","United States","Total RD&D in Million USD (2010 prices and exch. rates)","224 Other coal",426.126,233.276,162.653,114.544,72.196,109.801,105.244,93.617,332.596,339.889,896.701,680.923,432.526,335.073,58.76,55.206,38.253,26.479,27.837,36.864,42.931,68.002,86.597,91.574,40.308,0,0,0,0,42.422,29
"59","United States","Total RD&D in Million USD (2010 prices and exch. rates)","229 Unallocated coal",0,0,0,0,0,0,0,0,0,0,0,0,0,0,0,0,0,0,0.129,0,0,0,0,0,0,269.119,252.631,325.507,0,0,0
"60","United States","Total RD&D in Million USD (2010 prices and exch. rates)","23 CO2 capture and storage",0,0,0,0,0,0,0,0,0,0,0,0,0,0,0,0,0,0,0,0,0,0,0,0,45.029,69.5,145.879,126.972,196.264,453.506,225
"61","United States","Total RD&D in Million USD (2010 prices and exch. rates)","231 CO2 capture/separation",0,0,0,0,0,0,0,0,0,0,0,0,0,0,0,0,0,0,0,0,0,0,0,0,45.029,0,0,0,0,254.529,87
"62","United States","Total RD&D in Million USD (2010 prices and exch. rates)","232 CO2 transport",0,0,0,0,0,0,0,0,0,0,0,0,0,0,0,0,0,0,0,0,0,0,0,0,0,0,0,0,0,0,0
"63","United States","Total RD&D in Million USD (2010 prices and exch. rates)","233 CO2 storage",0,0,0,0,0,0,0,0,0,0,0,0,0,0,0,0,0,0,0,0,0,0,0,0,0,0,0,0,0,155.546,138
"64","United States","Total RD&D in Million USD (2010 prices and exch. rates)","239 Unallocated CO2 capture and storage",0,0,0,0,0,0,0,0,0,0,0,0,0,0,0,0,0,0,0,0,0,0,0,0,0,69.5,145.879,126.972,196.264,43.432,0
"65","United States","Total RD&D in Million USD (2010 prices and exch. rates)","29 Unallocated fossil fuels",0,0,0,0,0,0,0,0,0,0,0,0,0,0,0,0,0,0,0,0,0,0,0,0,0,0,0.001,0,0.001,0,5
"66","United States","Total RD&D in Million USD (2010 prices and exch. rates)","GROUP 3: RENEWABLE ENERGY SOURCES",1560.916,1406.017,674.99,509.489,416.698,383.317,284.582,258.813,203.556,179.907,166.663,221.992,185.368,169.306,306.244,370.852,273.432,257.76,316.822,330.01,263.277,305.955,297.312,285.466,277.817,277.115,217.776,579.359,456.737,2228.141,1310
"67","United States","Total RD&D in Million USD (2010 prices and exch. rates)","31 Solar energy",898.569,770.234,351.283,234.661,211.404,182.224,133.931,121.804,97.813,84.578,86.015,102.412,131.393,134.199,153.858,167.877,116.167,109.144,111.218,119.616,101.717,113.243,107.505,96.854,92.324,81.293,49.588,176.836,163.575,400.984,345
"68","United States","Total RD&D in Million USD (2010 prices and exch. rates)","311 Solar heating and cooling",199.167,155.447,47.357,27.483,36.283,21.924,15.487,11.104,9.748,4.539,6.823,3.996,2.894,4.247,6.656,6.262,2.564,2.979,3.366,4.535,2.393,4.779,5.66,0,0,0,0,0,0,0,0
"69","United States","Total RD&D in Million USD (2010 prices and exch. rates)","312 Photovoltaics",347.385,321.497,147.866,111.661,93.299,98.3,72.509,70.383,58.489,56.115,53.648,69.261,86.824,91.873,103.746,118.886,81.617,77.477,86.747,93.666,80.677,91.712,86.001,0,0,0,0,0,0,368.663,216
"70","United States","Total RD&D in Million USD (2010 prices and exch. rates)","313 Solar thermal power and high-temp. applications",352.017,293.291,156.059,95.517,81.822,61.999,45.934,40.317,29.575,23.924,25.544,29.155,41.675,38.08,43.456,42.729,31.986,28.688,21.104,21.414,18.647,16.752,15.844,0,0,0,0,0,0,27.271,45
"71","United States","Total RD&D in Million USD (2010 prices and exch. rates)","319 Unallocated solar energy",0,0,0,0,0,0,0,0,0,0,0,0,0,0,0,0,0,0,0,0,0,0,0,96.854,92.324,81.293,49.588,176.836,163.575,6.06,84
"72","United States","Total RD&D in Million USD (2010 prices and exch. rates)","32 Wind energy",141.27,164.353,68.738,61.308,50.167,51.756,43.646,29.213,14.54,14.144,14.014,17.019,1.158,0,40.388,64.028,41.856,37.484,41.949,43.82,39.65,48.328,45.928,48.986,45.519,40.857,16.147,34.645,27.287,186.857,84
"73","United States","Total RD&D in Million USD (2010 prices and exch. rates)","321 Onshore wind technologies",0,0,0,0,0,0,0,0,0,0,0,0,0,0,0,0,0,0,0,0,0,0,0,0,0,0,0,0,0,135.345,47
"74","United States","Total RD&D in Million USD (2010 prices and exch. rates)","322 Offshore wind techs (excl. low wind speed)",0,0,0,0,0,0,0,0,0,0,0,0,0,0,0,0,0,0,0,0,0,0,0,0,0,0,0,0,0,0,0
"75","United States","Total RD&D in Million USD (2010 prices and exch. rates)","323 Wind energy systems and other technologies",0,0,0,0,0,0,0,0,0,0,0,0,0,0,0,0,0,0,0,0,0,0,0,0,0,0,0,0,0,37.371,33
"76","United States","Total RD&D in Million USD (2010 prices and exch. rates)","329 Unallocated wind energy",141.27,164.353,68.738,61.308,50.167,51.756,43.646,29.213,14.54,14.144,14.014,17.019,1.158,0,40.388,64.028,41.856,37.484,41.949,43.82,39.65,48.328,45.928,48.986,45.519,40.857,16.147,34.645,27.287,14.141,4
"77","United States","Total RD&D in Million USD (2010 prices and exch. rates)","33 Ocean energy",99.584,73.376,57.548,20.756,10.737,7.548,8.448,7.517,6.609,6.483,5.949,3.996,0,0,1.329,0,0,0,0,0,0,0,0,0,0,0,0,1.344,10.985,25.251,34
"78","United States","Total RD&D in Million USD (2010 prices and exch. rates)","331 Tidal energy",0,0,0,0,0,0,0,0,0,0,0,0,0,0,0,0,0,0,0,0,0,0,0,0,0,0,0,0,0,7.07,14
"79","United States","Total RD&D in Million USD (2010 prices and exch. rates)","332 Wave energy",0,0,0,0,0,0,0,0,0,0,0,0,0,0,0,0,0,0,0,0,0,0,0,0,0,0,0,0,0,9.09,11
"80","United States","Total RD&D in Million USD (2010 prices and exch. rates)","333 Salinity gradient power",0,0,0,0,0,0,0,0,0,0,0,0,0,0,0,0,0,0,0,0,0,0,0,0,0,0,0,0,0,0,0
"81","United States","Total RD&D in Million USD (2010 prices and exch. rates)","334 Other ocean energy",0,0,0,0,0,0,0,0,0,0,0,0,0,0,0,0,0,0,0,0,0,0,0,0,0,0,0,0,0,9.09,7
"82","United States","Total RD&D in Million USD (2010 prices and exch. rates)","339 Unallocated ocean energy",99.584,73.376,57.548,20.756,10.737,7.548,8.448,7.517,6.609,6.483,5.949,3.996,0,0,1.329,0,0,0,0,0,0,0,0,0,0,0,0,1.344,10.985,1.01,2
"83","United States","Total RD&D in Million USD (2010 prices and exch. rates)","34 Biofuels (incl. liquids, solids and biogases)",76.425,67.226,60.945,84.563,90.152,88.416,49.806,63.892,50.228,43.659,31.278,54.906,8.248,0.708,77.351,81.012,70.867,71.087,125.589,126.579,86.685,105.407,105.391,100.328,96.757,119.262,101.079,300.171,185.684,1184.773,786
"84","United States","Total RD&D in Million USD (2010 prices and exch. rates)","341 Production of liquid biofuels",0,0,0,0,0,0,0,0,0,0,0,0,0,0,0,0,0,0,0,0,0,0,0,0,0,0,0,0,0,977.715,189
"85","United States","Total RD&D in Million USD (2010 prices and exch. rates)","3411 Gasoline substitutes (incl. ethanol)",0,0,0,0,0,0,0,0,0,0,0,0,0,0,0,0,0,0,0,0,0,0,0,0,0,0,0,0,0,0,0
"86","United States","Total RD&D in Million USD (2010 prices and exch. rates)","3412 Diesel, kerosene and jet fuel substitutes",0,0,0,0,0,0,0,0,0,0,0,0,0,0,0,0,0,0,0,0,0,0,0,0,0,0,0,0,0,0,0
"87","United States","Total RD&D in Million USD (2010 prices and exch. rates)","3413 Algal biofuels",0,0,0,0,0,0,0,0,0,0,0,0,0,0,0,0,0,0,0,0,0,0,0,0,0,0,0,0,0,171.706,34
"88","United States","Total RD&D in Million USD (2010 prices and exch. rates)","3414 Other liquid fuel substitutes",0,0,0,0,0,0,0,0,0,0,0,0,0,0,0,0,0,0,0,0,0,0,0,0,0,0,0,0,0,0,0
"89","United States","Total RD&D in Million USD (2010 prices and exch. rates)","3419 Unallocated production of liquid biofuels",0,0,0,0,0,0,0,0,0,0,0,0,0,0,0,0,0,0,0,0,0,0,0,0,0,0,0,0,0,806.009,155
"90","United States","Total RD&D in Million USD (2010 prices and exch. rates)","342 Production of solid biofuels",0,0,0,0,0,0,0,0,0,0,0,0,0,0,0,0,0,0,0,0,0,0,0,0,0,0,0,0,0,0,0
"91","United States","Total RD&D in Million USD (2010 prices and exch. rates)","343 Production of biogases",0,0,0,0,0,0,0,0,0,0,0,0,0,0,0,0,0,0,0,0,0,0,0,0,0,0,0,0,0,0,0
"92","United States","Total RD&D in Million USD (2010 prices and exch. rates)","3431 Thermochemical",0,0,0,0,0,0,0,0,0,0,0,0,0,0,0,0,0,0,0,0,0,0,0,0,0,0,0,0,0,0,0
"93","United States","Total RD&D in Million USD (2010 prices and exch. rates)","3432 Biochemical (incl. anaerobic digestion)",0,0,0,0,0,0,0,0,0,0,0,0,0,0,0,0,0,0,0,0,0,0,0,0,0,0,0,0,0,0,0
"94","United States","Total RD&D in Million USD (2010 prices and exch. rates)","3433 Other biogases",0,0,0,0,0,0,0,0,0,0,0,0,0,0,0,0,0,0,0,0,0,0,0,0,0,0,0,0,0,0,0
"95","United States","Total RD&D in Million USD (2010 prices and exch. rates)","3439 Unallocated production of biogases",0,0,0,0,0,0,0,0,0,0,0,0,0,0,0,0,0,0,0,0,0,0,0,0,0,0,0,0,0,0,0
"96","United States","Total RD&D in Million USD (2010 prices and exch. rates)","344 Applications for heat and electricity",0,0,0,0,0,0,0,0,0,0,0,0,0,0,0,0,0,0,0,0,0,0,0,0,0,0,0,0,0,0,0
"97","United States","Total RD&D in Million USD (2010 prices and exch. rates)","345 Other biofuels",0,0,0,0,0,0,0,0,0,0,0,0,0,0,0,0,0,0,0,0,0,0,0,0,0,0,0,0,0,125.245,597
"98","United States","Total RD&D in Million USD (2010 prices and exch. rates)","349 Unallocated biofuels",76.425,67.226,60.945,84.563,90.152,88.416,49.806,63.892,50.228,43.659,31.278,54.906,8.248,0.708,77.351,81.012,70.867,71.087,125.589,126.579,86.685,105.407,105.391,100.328,96.757,119.262,101.079,300.171,185.684,81.813,0
"99","United States","Total RD&D in Million USD (2010 prices and exch. rates)","35 Geothermal energy",345.069,330.828,136.477,108.202,54.239,53.373,48.75,36.388,34.367,31.044,29.408,43.658,43.122,32.984,31.879,51.353,39.903,38.771,37.159,35.901,29.153,32.881,32.495,33.398,28.161,21.043,18.279,6.299,25.745,391.894,47
"100","United States","Total RD&D in Million USD (2010 prices and exch. rates)","351 Hydrothermal resources",0,0,0,0,0,0,0,0,0,0,0,0,0,0,0,0,0,0,0,0,0,0,0,0,0,0,0,0,0,0,0
"101","United States","Total RD&D in Million USD (2010 prices and exch. rates)","352 Hot dry rock resources",0,0,0,0,0,0,0,0,0,0,0,0,0,0,0,0,0,0,0,0,0,0,0,0,0,0,0,0,0,0,0
"102","United States","Total RD&D in Million USD (2010 prices and exch. rates)","353 Advanced drilling and exploration",0,0,0,0,0,0,0,0,0,0,0,0,0,0,0,0,0,0,0,0,0,0,0,0,0,0,0,0,0,118.174,0
"103","United States","Total RD&D in Million USD (2010 prices and exch. rates)","354 Other geothermal energy",0,0,0,0,0,0,0,0,0,0,0,0,0,0,0,0,0,0,0,0,0,0,0,0,0,0,0,0,0,83.833,24
"104","United States","Total RD&D in Million USD (2010 prices and exch. rates)","359 Unallocated geothermal energy",345.069,330.828,136.477,108.202,54.239,53.373,48.75,36.388,34.367,31.044,29.408,43.658,43.122,32.984,31.879,51.353,39.903,38.771,37.159,35.901,29.153,32.881,32.495,33.398,28.161,21.043,18.279,6.299,25.745,189.887,23
"105","United States","Total RD&D in Million USD (2010 prices and exch. rates)","36 Hydroelectricity",0,0,0,0,0,0,0,0,0,0,0,0,1.447,1.416,1.44,6.582,4.64,1.273,0.906,4.094,6.074,6.096,5.993,5.901,5.344,6.695,0,0,6.465,38.381,14
"106","United States","Total RD&D in Million USD (2010 prices and exch. rates)","361 Large hydroelectricity (10MW plus)",0,0,0,0,0,0,0,0,0,0,0,0,1.447,1.416,1.44,6.582,4.64,1.273,0.906,4.094,0,0,0,0,0,0,0,0,0,6.06,10
"107","United States","Total RD&D in Million USD (2010 prices and exch. rates)","362 Small hydroelectricity (less than 10MW)",0,0,0,0,0,0,0,0,0,0,0,0,0,0,0,0,0,0,0,0,0,0,0,0,0,0,0,0,0,32.321,2
"108","United States","Total RD&D in Million USD (2010 prices and exch. rates)","369 Unallocated hydroelectricity",0,0,0,0,0,0,0,0,0,0,0,0,0,0,0,0,0,0,0,0,6.074,6.096,5.993,5.901,5.344,6.695,0,0,6.465,0,2
"109","United States","Total RD&D in Million USD (2010 prices and exch. rates)","37 Other renewable energy sources",0,0,0,0,0,0,0,0,0,0,0,0,0,0,0,0,0,0,0,0,0,0,0,0,9.713,7.965,32.684,60.064,36.996,0,0
"110","United States","Total RD&D in Million USD (2010 prices and exch. rates)","39 Unallocated renewable energy sources",0,0,0,0,0,0,0,0,0,0,0,0,0,0,0,0,0,0,0,0,0,0,0,0,0,0.001,0,0,0,0,0
"111","United States","Total RD&D in Million USD (2010 prices and exch. rates)","GROUP 4: NUCLEAR",3499.324,3251.441,3376.949,2868.783,2342.656,2150.923,1952.121,1741.475,1691.727,1424.542,1300.388,1246.011,796.895,639.993,587.268,614.892,370.411,361.04,307.241,310.02,341.138,361.414,348.977,436.124,438.482,826.468,703.584,875.561,984.407,851.461,888
"112","United States","Total RD&D in Million USD (2010 prices and exch. rates)","41 Nuclear fission",2688.759,2415.678,2482.557,1989.717,1482.788,1386.446,1322.24,1157.908,1145.001,932.253,822.354,830.146,316.182,165.625,131.946,114.472,52.112,73.889,25.895,28.69,43.448,57.791,59.185,152.968,145.883,531.232,402.883,551.001,683.771,360.583,470
"113","United States","Total RD&D in Million USD (2010 prices and exch. rates)","411 Light water reactors (LWRs)",67.161,85.888,107.703,74.569,100.333,92.55,84.653,57.913,52.211,42.146,36.982,65.562,89.573,81.822,131.946,114.472,52.112,48.406,0,0,0,0,0,0,0,0,0,0,213.809,2.02,31
"114","United States","Total RD&D in Million USD (2010 prices and exch. rates)","412 Other converter reactors",57.897,86.948,80.927,75.722,221.955,589.082,523.933,461.25,503.272,497.863,470.766,403.433,226.609,83.804,0,0,0,0,0,0,0,0,0,0,0,0,0,0,183.38,178.776,182
"115","United States","Total RD&D in Million USD (2010 prices and exch. rates)","4121 Heavy water reactors (HWRs)",0,0,0,0,0,0,0,0,0,0,0,0,0,0,0,0,0,0,0,0,0,0,0,0,0,0,0,0,0,0,0
"116","United States","Total RD&D in Million USD (2010 prices and exch. rates)","4122 Other converter reactors",0,0,0,0,0,0,0,0,0,0,0,0,0,0,0,0,0,0,0,0,0,0,0,0,0,0,0,0,0,178.776,182
"117","United States","Total RD&D in Million USD (2010 prices and exch. rates)","4129 Unallocated other converter reactors",57.897,86.948,80.927,75.722,221.955,589.082,523.933,461.25,503.272,497.863,470.766,403.433,226.609,83.804,0,0,0,0,0,0,0,0,0,0,0,0,0,0,183.38,0,0
"118","United States","Total RD&D in Million USD (2010 prices and exch. rates)","413 Fuel cycle",810.565,947.524,828.452,799.884,647.725,659.887,680.743,615.513,589.519,392.228,314.606,361.107,0,0,0,0,0,0,0,0,0,0,0,0,75.191,0,0,0,286.582,148.475,132
"119","United States","Total RD&D in Million USD (2010 prices and exch. rates)","4131 Fissile material recycling/reprocessing",0,0,0,0,0,0,0,0,0,0,0,0,0,0,0,0,0,0,0,0,0,0,0,0,0,0,0,0,0,144.435,125
"120","United States","Total RD&D in Million USD (2010 prices and exch. rates)","4132 Nuclear waste management",0,0,0,0,0,0,0,0,0,0,0,0,0,0,0,0,0,0,0,0,0,0,0,0,0,0,0,0,0,0,7
"121","United States","Total RD&D in Million USD (2010 prices and exch. rates)","4133 Other fuel cycle",0,0,0,0,0,0,0,0,0,0,0,0,0,0,0,0,0,0,0,0,0,0,0,0,0,0,0,0,0,4.04,0
"122","United States","Total RD&D in Million USD (2010 prices and exch. rates)","4139 Unallocated fuel cycle",810.565,947.524,828.452,799.884,647.725,659.887,680.743,615.513,589.519,392.228,314.606,361.107,0,0,0,0,0,0,0,0,0,0,0,0,75.191,0,0,0,286.582,0,0
"123","United States","Total RD&D in Million USD (2010 prices and exch. rates)","414 Nuclear supporting technologies",20.843,0,202.617,0,0,0,0,0,0,0,0,0,0,0,0,0,0,25.483,25.895,28.69,43.448,57.791,59.185,152.968,70.691,0,0,0,0,32.321,14
"124","United States","Total RD&D in Million USD (2010 prices and exch. rates)","4141 Plant safety and integrity",0,0,0,0,0,0,0,0,0,0,0,0,0,0,0,0,0,0,0,0,0,0,0,0,0,0,0,0,0,0,0
"125","United States","Total RD&D in Million USD (2010 prices and exch. rates)","4142 Environmental protection",0,0,0,0,0,0,0,0,0,0,0,0,0,0,0,0,0,0,0,0,0,0,0,0,0,0,0,0,0,0,0
"126","United States","Total RD&D in Million USD (2010 prices and exch. rates)","4143 Decommissioning",0,0,0,0,0,0,0,0,0,0,0,0,0,0,0,0,0,0,0,0,0,0,0,0,0,0,0,0,0,0,0
"127","United States","Total RD&D in Million USD (2010 prices and exch. rates)","4144 Other nuclear supporting technologies",0,0,0,0,0,0,0,0,0,0,0,0,0,0,0,0,0,0,0,0,0,0,0,0,0,0,0,0,0,32.321,14
"128","United States","Total RD&D in Million USD (2010 prices and exch. rates)","4149 Unallocated nuclear supporting technologies",20.843,0,202.617,0,0,0,0,0,0,0,0,0,0,0,0,0,0,25.483,25.895,28.69,43.448,57.791,59.185,152.968,70.691,0,0,0,0,0,0
"129","United States","Total RD&D in Million USD (2010 prices and exch. rates)","415 Nuclear breeder",1732.293,1295.317,1262.859,1039.542,512.774,44.927,32.911,23.233,0,0,0,0,0,0,0,0,0,0,0,0,0,0,0,0,0,0,0,0,0,0,0
"130","United States","Total RD&D in Million USD (2010 prices and exch. rates)","416 Other nuclear fission",0,0,0,0,0,0,0,0,0,0,0,0,0,0,0,0,0,0,0,0,0,0,0,0,0,0,0,0,0,0,111
"131","United States","Total RD&D in Million USD (2010 prices and exch. rates)","419 Unallocated nuclear fission",0,0,0,0,0,0,0,0,0,0.016,0,0.044,0,0,0,0,0,0,0,0,0,0,0,0,0,531.232,402.883,551.001,0.001,0,0
"132","United States","Total RD&D in Million USD (2010 prices and exch. rates)","42 Nuclear fusion",810.565,835.764,894.392,879.066,859.869,764.477,629.881,583.567,546.726,492.288,478.034,415.865,480.713,474.368,455.322,500.42,318.299,287.151,281.346,281.33,297.691,303.622,289.791,283.156,292.599,295.237,300.701,324.56,300.636,490.878,418
"133","United States","Total RD&D in Million USD (2010 prices and exch. rates)","421 Magnetic confinement",0,0,0,0,0,0,0,0,0,0,0,0,0,0,0,0,0,0,0,0,0,0,0,0,0,0,0,0,0,490.878,407
"134","United States","Total RD&D in Million USD (2010 prices and exch. rates)","422 Inertial confinement",0,0,0,0,0,0,0,0,0,0,0,0,0,0,0,0,0,0,0,0,0,0,0,0,0,0,0,0,0,0,11
"135","United States","Total RD&D in Million USD (2010 prices and exch. rates)","423 Other nuclear fusion",0,0,0,0,0,0,0,0,0,0,0,0,0,0,0,0,0,0,0,0,0,0,0,0,0,0,0,0,0,0,0
"136","United States","Total RD&D in Million USD (2010 prices and exch. rates)","429 Unallocated nuclear fusion",810.565,835.764,894.392,879.066,859.869,764.477,629.881,583.567,546.726,492.288,478.034,415.865,480.713,474.368,455.322,500.42,318.299,287.151,281.346,281.33,297.691,303.622,289.791,283.156,292.599,295.237,300.701,324.56,300.636,0,0
"137","United States","Total RD&D in Million USD (2010 prices and exch. rates)","49 Unallocated nuclear",0,0,0,0,0,0,0,0,0,0,0,0,0,0,0,0,0,0,0,0,0,0,0,0,0,0,0,0,0,0,0
"138","United States","Total RD&D in Million USD (2010 prices and exch. rates)","GROUP 5: HYDROGEN AND FUEL CELLS",0,0,0,0,0,0,0,0,0,0,0,0,0,0,0,0,0,0,0,0,0,0,0,0,171.134,348.715,348.014,334.069,327.228,359.573,333
"139","United States","Total RD&D in Million USD (2010 prices and exch. rates)","51 Hydrogen",0,0,0,0,0,0,0,0,0,0,0,0,0,0,0,0,0,0,0,0,0,0,0,0,91.959,147.943,150.239,144.418,146.737,143.425,131
"140","United States","Total RD&D in Million USD (2010 prices and exch. rates)","511 Hydrogen production",0,0,0,0,0,0,0,0,0,0,0,0,0,0,0,0,0,0,0,0,0,0,0,0,0,0,0,0,0,62.622,52
"141","United States","Total RD&D in Million USD (2010 prices and exch. rates)","512 Hydrogen storage",0,0,0,0,0,0,0,0,0,0,0,0,0,0,0,0,0,0,0,0,0,0,0,0,0,0,0,0,0,67.672,40
"142","United States","Total RD&D in Million USD (2010 prices and exch. rates)","513 Hydrogen transport and distribution",0,0,0,0,0,0,0,0,0,0,0,0,0,0,0,0,0,0,0,0,0,0,0,0,0,0,0,0,0,3.03,5
"143","United States","Total RD&D in Million USD (2010 prices and exch. rates)","514 Other infrastructure and systems",0,0,0,0,0,0,0,0,0,0,0,0,0,0,0,0,0,0,0,0,0,0,0,0,0,0,0,0,0,5.05,3
"144","United States","Total RD&D in Million USD (2010 prices and exch. rates)","515 Hydrogen end-uses",0,0,0,0,0,0,0,0,0,0,0,0,0,0,0,0,0,0,0,0,0,0,0,0,0,0,0,0,0,0,0
"145","United States","Total RD&D in Million USD (2010 prices and exch. rates)","519 Unallocated hydrogen",0,0,0,0,0,0,0,0,0,0,0,0,0,0,0,0,0,0,0,0,0,0,0,0,91.959,147.943,150.239,144.418,146.737,5.05,31
"146","United States","Total RD&D in Million USD (2010 prices and exch. rates)","52 Fuel cells",0,0,0,0,0,0,0,0,0,0,0,0,0,0,0,0,0,0,0,0,0,0,0,0,79.176,200.771,197.776,189.651,180.491,216.148,202
"147","United States","Total RD&D in Million USD (2010 prices and exch. rates)","521 Stationary applications",0,0,0,0,0,0,0,0,0,0,0,0,0,0,0,0,0,0,0,0,0,0,0,0,0,0,0,0,0,102.014,71
"148","United States","Total RD&D in Million USD (2010 prices and exch. rates)","522 Mobile applications",0,0,0,0,0,0,0,0,0,0,0,0,0,0,0,0,0,0,0,0,0,0,0,0,0,0,0,0,0,89.893,77
"149","United States","Total RD&D in Million USD (2010 prices and exch. rates)","523 Other applications",0,0,0,0,0,0,0,0,0,0,0,0,0,0,0,0,0,0,0,0,0,0,0,0,0,0,0,0,0,23.231,20
"150","United States","Total RD&D in Million USD (2010 prices and exch. rates)","529 Unallocated fuel cells",0,0,0,0,0,0,0,0,0,0,0,0,0,0,0,0,0,0,0,0,0,0,0,0,79.176,200.771,197.776,189.651,180.491,1.01,34
"151","United States","Total RD&D in Million USD (2010 prices and exch. rates)","59 Unallocated hydrogen and fuel cells",0,0,0,0,0,0,0,0,0,0,0,0,0,0,0,0,0,0,0,0,0,0,0,0,0,0.001,0,0,0,0,0
"152","United States","Total RD&D in Million USD (2010 prices and exch. rates)","GROUP 6: OTHER POWER AND STORAGE TECHNOLOGIES",196.851,42.414,143.87,105.319,103.11,109.622,90.989,76.192,84.595,77.84,82.657,80.953,57.882,59.88,160.678,178.793,161.122,164.369,163.525,162.304,154.673,165.275,174.182,192.718,129.314,172.538,155.132,136.452,123.492,929.234,275
"153","United States","Total RD&D in Million USD (2010 prices and exch. rates)","61 Electric power conversion",0,0,43.561,56.503,55.35,76.735,59.486,46.808,59.811,58.934,63.737,61.122,46.161,45.441,99.396,118.518,116.171,123.31,107.463,110.275,108.024,102.049,89.881,92.423,103.896,71.393,68.392,29.607,30.243,0,0
"154","United States","Total RD&D in Million USD (2010 prices and exch. rates)","611 Power generation technologies",0,0,0,0,0,0,0,0,0,0,0,0,0,0,0,0,0,0,0,0,0,0,0,0,0,0,0,0,0,0,0
"155","United States","Total RD&D in Million USD (2010 prices and exch. rates)","612 Power generation supporting technologies",0,0,0,0,0,0,0,0,0,0,0,0,0,0,0,0,0,0,0,0,0,0,0,0,0,0,0,0,0,0,0
"156","United States","Total RD&D in Million USD (2010 prices and exch. rates)","613 Other electricity power generation",0,0,0,0,0,0,0,0,0,0,0,0,0,0,0,0,0,0,0,0,0,0,0,0,0,0,0,0,0,0,0
"157","United States","Total RD&D in Million USD (2010 prices and exch. rates)","619 Unallocated electric power generation",0,0,43.561,56.503,55.35,76.735,59.486,46.808,59.811,58.934,63.737,61.122,46.161,45.441,99.396,118.518,116.171,123.31,107.463,110.275,108.024,102.049,89.881,92.423,103.896,71.393,68.392,29.607,30.243,0,0
"158","United States","Total RD&D in Million USD (2010 prices and exch. rates)","62 Electricity transmission and distribution",44.002,42.414,24.378,0,1.666,0,0.88,0.854,0.826,0,0.307,0.444,0.579,0,51.277,52.354,42.318,35.885,51.013,46.36,42.417,55.911,0,0,15.397,96.35,83.36,103.484,90.518,654.504,178
"159","United States","Total RD&D in Million USD (2010 prices and exch. rates)","621 Transmission and distribution technologies",0,0,0,0,0,0,0,0,0,0,0,0,0,0,0,0,0,0,0,0,0,0,0,0,0,0,0,0,0,27.271,25
"160","United States","Total RD&D in Million USD (2010 prices and exch. rates)","6211 Cables and conductors",0,0,0,0,0,0,0,0,0,0,0,0,0,0,0,0,0,0,0,0,0,0,0,0,0,0,0,0,0,24.241,20
"161","United States","Total RD&D in Million USD (2010 prices and exch. rates)","6212 AC/DC conversion",0,0,0,0,0,0,0,0,0,0,0,0,0,0,0,0,0,0,0,0,0,0,0,0,0,0,0,0,0,0,0
"162","United States","Total RD&D in Million USD (2010 prices and exch. rates)","6213 Other transmission and distribution techs.",0,0,0,0,0,0,0,0,0,0,0,0,0,0,0,0,0,0,0,0,0,0,0,0,0,0,0,0,0,3.03,0
"163","United States","Total RD&D in Million USD (2010 prices and exch. rates)","6219 Unallocated transmission and distribution",0,0,0,0,0,0,0,0,0,0,0,0,0,0,0,0,0,0,0,0,0,0,0,0,0,0,0,0,0,0,5
"164","United States","Total RD&D in Million USD (2010 prices and exch. rates)","622 Grid comm, control systems and integration",0,0,0,0,0,0,0,0,0,0,0,0,0,0,0,0,0,0,0,0,0,0,0,0,0,0,0,0,0,586.831,86
"165","United States","Total RD&D in Million USD (2010 prices and exch. rates)","6221 Load management",0,0,0,0,0,0,0,0,0,0,0,0,0,0,0,0,0,0,0,0,0,0,0,0,0,0,0,0,0,553.5,33
"166","United States","Total RD&D in Million USD (2010 prices and exch. rates)","6222 Control systems and monitoring",0,0,0,0,0,0,0,0,0,0,0,0,0,0,0,0,0,0,0,0,0,0,0,0,0,0,0,0,0,8.08,12
"167","United States","Total RD&D in Million USD (2010 prices and exch. rates)","6223 Standards, interoper.+grid cyber security",0,0,0,0,0,0,0,0,0,0,0,0,0,0,0,0,0,0,0,0,0,0,0,0,0,0,0,0,0,26.261,40
"168","United States","Total RD&D in Million USD (2010 prices and exch. rates)","6229 Unallocated grid comm,, control and integration",0,0,0,0,0,0,0,0,0,0,0,0,0,0,0,0,0,0,0,0,0,0,0,0,0,0,0,0,0,0,0
"169","United States","Total RD&D in Million USD (2010 prices and exch. rates)","629 Unallocated electricity transmission/distribution",44.002,42.414,24.378,0,1.666,0,0.88,0.854,0.826,0,0.307,0.444,0.579,0,51.277,52.354,42.318,35.885,51.013,46.36,42.417,55.911,0,0,15.397,96.35,83.36,103.484,90.518,40.401,67
"170","United States","Total RD&D in Million USD (2010 prices and exch. rates)","63 Energy storage",152.849,0,75.931,48.816,46.094,32.887,30.623,28.529,23.957,18.907,18.614,19.387,11.142,14.439,10.006,7.922,2.634,5.174,4.92,5.669,4.232,7.315,84.301,100.295,10.021,4.794,3.38,3.361,2.731,274.73,97
"171","United States","Total RD&D in Million USD (2010 prices and exch. rates)","631 Electrical storage",0,0,0,0,0,0,0,0,0,0,0,0,0,0,0,0,0,0,0,0,0,0,0,0,0,0,0,0,0,190.897,14
"172","United States","Total RD&D in Million USD (2010 prices and exch. rates)","6311 Batteries/other electrochemical storage",0,0,0,0,0,0,0,0,0,0,0,0,0,0,0,0,0,0,0,0,0,0,0,0,0,0,0,0,0,102.014,13
"173","United States","Total RD&D in Million USD (2010 prices and exch. rates)","6312 Electromagnetic storage",0,0,0,0,0,0,0,0,0,0,0,0,0,0,0,0,0,0,0,0,0,0,0,0,0,0,0,0,0,0,0
"174","United States","Total RD&D in Million USD (2010 prices and exch. rates)","6313 Mechanical storage",0,0,0,0,0,0,0,0,0,0,0,0,0,0,0,0,0,0,0,0,0,0,0,0,0,0,0,0,0,87.873,1
"175","United States","Total RD&D in Million USD (2010 prices and exch. rates)","6314 Other storage (excl. fuel cells)",0,0,0,0,0,0,0,0,0,0,0,0,0,0,0,0,0,0,0,0,0,0,0,0,0,0,0,0,0,0,0
"176","United States","Total RD&D in Million USD (2010 prices and exch. rates)","6319 Unallocated electrical storage",0,0,0,0,0,0,0,0,0,0,0,0,0,0,0,0,0,0,0,0,0,0,0,0,0,0,0,0,0,0,1
"177","United States","Total RD&D in Million USD (2010 prices and exch. rates)","632 Thermal energy storage",0,0,0,0,0,0,0,0,0,0,0,0,0,0,0,0,0,0,0,0,0,0,0,0,0,0,0,0,0,0,0
"178","United States","Total RD&D in Million USD (2010 prices and exch. rates)","639 Unallocated energy storage",152.849,0,75.931,48.816,46.094,32.887,30.623,28.529,23.957,18.907,18.614,19.387,11.142,14.439,10.006,7.922,2.634,5.174,4.92,5.669,4.232,7.315,84.301,100.295,10.021,4.794,3.38,3.361,2.731,83.833,83
"179","United States","Total RD&D in Million USD (2010 prices and exch. rates)","69 Unallocated other power and storage techs.",0,0,0,0,0,0,0,0,0,0,0,0,0,0,0,0,0,0,0.129,0,0,0,0,0,0,0.001,0,0,0,0,0
"180","United States","Total RD&D in Million USD (2010 prices and exch. rates)","GROUP 7: OTHER CROSS-CUTTING TECHS/RESEARCH",1167.213,101.581,147.467,606.736,548.502,677.858,637.097,566.483,641.895,796.339,679.594,842.682,1123.207,1211.613,1063.209,1009.959,1050.603,1066.133,1058.447,1255.885,1140.63,1464.478,1396.855,1370.664,1358.656,1047.908,1056.708,1240.224,1326.302,5.05,110
"181","United States","Total RD&D in Million USD (2010 prices and exch. rates)","71 Energy system analysis",39.37,40.293,16.385,446.067,431.138,545.773,545.052,466.888,558.126,703.893,592.659,686.695,17.075,0,0,0,0,0,0,0,0,0,0,0,0,0,0,1.102,8.173,0,0
"182","United States","Total RD&D in Million USD (2010 prices and exch. rates)","72 Basic energy research not allocated",0,0,0,0,0,0,0,0,0,0,0,0,0,0,0,0,0,0,0,0,0,0,0,0,0,0,0,0,0,0,0
"183","United States","Total RD&D in Million USD (2010 prices and exch. rates)","73 Other",1127.843,61.288,131.082,160.669,117.364,132.085,92.045,99.596,83.769,92.446,86.935,155.986,1106.132,1211.613,1063.209,1009.959,1050.603,1066.133,1058.447,1255.885,1140.63,1464.478,1396.855,1370.664,1358.656,1047.908,1056.708,1239.122,1318.129,5.05,110
"184","United States","Total RD&D in Million USD (2010 prices and exch. rates)","TOTAL BUDGET",9066.747,6995.307,5398.923,5028.97,4239.366,4253.504,3819.766,3373.275,3568.34,3448.138,3828.457,3845.537,3146.629,3075.535,3382.833,3272.221,2864.001,2572.155,2621.324,2925.416,2832.155,3438.804,3422.273,3235.178,3303.313,3656.376,3374.226,4207.515,4470.129,9909.468,4768
